,0,1,3,5,8,16,18,21,25,28,30,31,33,36,39,42,45,47,49,52,59,61,64,71,74,78,81,84,87,91,94,96,98,100,102,105,109,112,114,117,120,122,124,126,129,131,134,137,140,142,145,150,153,155,158,272,275,277,447,448,451
0,1.0000000000000002,2.014843261114808,1.9505290078006474,1.9528223564848408,1.9537208840442717,2.150596097562498,2.138926661616544,2.137433117368168,2.1474821921156115,2.1792184119879154,1.0000000000000002,2.014843261114808,1.9622759917692165,1.9219988231714513,1.9470705285779095,1.9563264887698188,0.9999999999999999,1.9472744014754442,1.992190963802578,1.994997283037429,0.9999999999999999,2.117365550216001,2.1259154367657422,2.0811549717147675,2.088096753623891,2.1519979608190387,2.1430285875115236,1.985211990938153,2.0241868429837724,2.0250651882000152,2.013877502579959,0.9999999999999999,1.9505290078006476,1.9472744014754442,1.9243402969318013,1.9547482801850302,2.0977189358281794,2.1122010622452327,2.1315284893514215,2.0024879583088184,1.9973115997682866,1.0000000000000002,2.150596097562498,2.1373506278999606,2.136158263306097,0.9999999999999998,2.087593562697653,2.09110848736569,2.014843261114808,1.9514145887838665,1.943954966599213,1.9694316260170397,1.9694316260170397,1.9679028010384338,1.9694316260170397,2.168121886426566,2.1817299121445632,2.131615638757278,1.0000000000000002,1.9663888080491718,1.9650113284720185
1,1.0000000000000002,2.0252511728381286,1.9803962107810142,1.9814973445843607,1.983593251581405,2.22005589422804,2.212335756387626,2.2122562660822687,2.2035126168487644,2.234539723336864,1.0000000000000002,2.0252511728381286,1.9639996142140246,1.9085497621723935,1.9806020239659818,1.9861473302083805,0.9999999999999999,1.9839867667185551,1.9948588003720022,1.9948191245358176,0.9999999999999999,2.1380413377017122,2.1426397549164062,2.12016154854759,2.12365610179295,2.2211597585833784,2.2121904925576783,1.949739019903442,1.9981073931385016,2.0840369490088957,2.075104080555948,0.9999999999999999,1.9803962107810142,1.9839867667185551,1.9724322586450707,1.9930971691821755,2.164865839174782,2.180343121763735,2.211377720486331,1.9958195985625993,1.9838155035669567,1.0000000000000002,2.2200558942280395,2.2057282331469175,2.2021452739434717,0.9999999999999998,2.139501184506132,2.142619581866083,2.0252511728381286,1.9486746370470251,1.939799757777809,1.9785329270347396,1.9785329270347396,1.9878640236276772,1.9785329270347396,2.2283877248337878,2.2194265056688143,2.2114602947089663,1.0000000000000002,1.9525516343154659,1.9526808323880291
2,1.0000000000000002,2.028971053356633,2.027683237369057,2.005345602336379,2.008379243290394,2.2005920873863136,2.2046961097132587,2.204712133318676,2.2222247855148134,2.2379092240650182,1.0000000000000002,2.028971053356633,2.041012328710685,2.0180452574009387,2.0625822641258176,2.072350194184442,0.9999999999999999,2.0814587900581705,2.0997377298047306,2.1003092132307244,0.9999999999999999,2.2171713295412423,2.218976201627355,2.14491847109093,2.1497756432522492,2.2368041813375257,2.238911906171628,2.0174866210305487,2.047607414032666,2.1249849956836626,2.123387715615194,0.9999999999999999,2.027683237369057,2.0814587900581705,2.039353522949779,2.064120326411805,2.2056571418490063,2.225302443061187,2.217664455614921,2.008786612350695,1.9961502412784935,1.0000000000000002,2.2005920873863136,2.207407510288992,2.1988395816624444,0.9999999999999998,2.171522344996189,2.176789548508349,2.028971053356633,1.9780899048477363,1.9731736243669207,2.0037823183117083,2.0037823183117083,2.0110550683376633,2.0037823183117083,2.2190202026449506,2.2173889455596476,2.217672760079279,1.0000000000000002,1.996714305794891,1.9924125725436577
3,1.0000000000000002,2.073595325203943,2.0698446807276505,2.0403547466636867,2.03760273469245,2.1535261863356743,2.146177615459595,2.1461042245898567,2.203363973458449,2.2065881725742305,1.0000000000000002,2.073595325203943,2.024781281035651,2.003256289621653,2.1102242043363724,2.1274011516702096,0.9999999999999999,2.1148908913933817,2.1295220365898304,2.131952348963225,0.9999999999999999,2.2098469897796558,2.2139899006893367,2.162941648298433,2.169581416501485,2.200485941268703,2.199409892281115,2.012703620012077,2.016170219252864,2.135659960844718,2.1283983394931125,0.9999999999999999,2.0698446807276505,2.1148908913933817,2.0847921754319603,2.1044634451901305,2.1894439585146546,2.19804608553645,2.194792248511212,2.0760033961985704,2.0761551020909694,1.0000000000000002,2.153526186335674,2.1745431471160663,2.1655146681771926,0.9999999999999998,2.1725644646005913,2.176304019989135,2.073595325203943,2.0243265665523396,2.0233800589595843,2.0507548901672257,2.0507548901672257,2.0518638195903742,2.0507548901672257,2.184547529610211,2.17781251914785,2.1946942541506127,1.0000000000000002,2.0473038891201374,2.0495850634451136
4,1.0000000000000002,2.0817535315986313,2.071499547249075,2.0570825742567225,2.05588813835374,2.052394930444324,2.056614182504317,2.0561441271565033,2.07187988652261,2.1212067162918364,1.0000000000000002,2.0817535315986313,2.024881452946829,1.98728116391276,2.110178605261038,2.130035744331051,0.9999999999999999,2.080969768456791,2.102225175883001,2.105742153766701,0.9999999999999999,2.1473250163345807,2.137454327130996,2.09115528025891,2.0927327243799296,2.106537356966998,2.0916633544679746,2.012208810382132,2.0401910285270355,2.090470881032348,2.0799242286488204,0.9999999999999999,2.071499547249075,2.080969768456791,2.067573129843789,2.078789684069101,2.1266145451142315,2.124888203499664,2.15105872067672,2.084162142141211,2.0854822544731704,1.0000000000000002,2.052394930444323,2.0763190227069726,2.0604389397185736,0.9999999999999998,2.070438805813332,2.072643151965708,2.0817535315986313,2.0122401521163598,2.0077713200912046,2.0626046766625246,2.0626046766625246,2.0700887090472384,2.0626046766625246,2.1296174785543465,2.116950395777318,2.150663151068997,1.0000000000000002,2.0033861729742735,2.0117912652746157
5,1.0000000000000002,2.10166502861383,2.050996731503064,2.0551888071829603,2.055463136432715,1.964895418302166,1.9625678304139433,1.9671270105926089,2.067317220668739,2.133764256413672,1.0000000000000002,2.10166502861383,2.022073128087435,1.9850972024018572,2.083909489330458,2.101474755558685,0.9999999999999999,2.034801915611625,2.0650095257126626,2.071008433124721,0.9999999999999999,2.1196854568590298,2.1104360142332874,2.015701772264318,2.003341788124673,2.1239436727341032,2.1116687962682286,2.0277669586878626,2.053172775816379,2.0559212434784047,2.053438762448831,0.9999999999999999,2.050996731503064,2.034801915611625,2.022993901609941,2.0357664978741266,2.0817409331649817,2.080033520375829,2.121105924310756,2.058030287045693,2.0640951803331165,1.0000000000000002,1.9648954183021656,2.0069503813542213,1.9796114081026095,0.9999999999999998,2.0238185762229004,2.024329081508128,2.10166502861383,2.018323748204217,2.01538095062906,2.086898039236183,2.086898039236183,2.0917105902801247,2.086898039236183,2.0944174730308442,2.077557645613554,2.1205013552325815,1.0000000000000002,1.9959362129192837,2.00121931115272
6,1.0000000000000002,2.0841527828360817,1.968088186007184,1.991209223257098,1.9957303812223643,1.9766714159704595,1.9451551369773774,1.95286554315989,2.071997457793306,2.1215070238212674,1.0000000000000002,2.0841527828360817,2.01361428717496,1.9823923710698848,2.050926893857629,2.0667710729701763,0.9999999999999999,2.0251565556023965,2.0387979840094492,2.042818332172673,0.9999999999999999,2.094929581801941,2.0845629259690943,1.9833746009146749,1.9704519089390102,2.136316173361033,2.1408186552501283,1.9923009100532165,2.0053132359443087,2.027904197261273,2.0248219900429945,0.9999999999999999,1.9680881860071842,2.0251565556023965,1.998408863821712,2.0190935610297314,2.087804262916273,2.0892943456800053,2.079957634093348,2.0183333909471837,2.0154201566335366,1.0000000000000002,1.976671415970459,2.0101010019105097,1.9930750274919826,0.9999999999999998,1.9957860884248708,2.0022757444208628,2.0841527828360817,2.0098837840717323,2.0127549770980804,2.036766356950279,2.036766356950279,2.042763148682066,2.036766356950279,2.0372940696654327,2.0080775521064402,2.079343216955728,1.0000000000000002,2.0261289669719003,2.03540550069888
7,1.0000000000000002,2.0786233646180836,2.035999067441959,2.031511828656908,2.0320685736719377,2.0479114198638184,2.020633344951411,2.02687355321783,2.1494701634706654,2.1915583091244413,1.0000000000000002,2.0786233646180836,2.027948016069277,2.011462924522597,2.1076661913815524,2.1221573936862637,0.9999999999999999,2.044782101816188,2.0678376550568496,2.0692282011158314,0.9999999999999999,2.1233545522784003,2.1149176343333806,2.0709078370315313,2.076047176372958,2.1830454625443854,2.177747255342424,2.003974532880702,2.0164894460866853,2.0700902341508867,2.0613452823128173,0.9999999999999999,2.035999067441959,2.044782101816188,2.052437700212622,2.0570830037453534,2.137120966288978,2.1504768558663594,2.135134892409469,2.0849541935568805,2.0925108574002738,1.0000000000000002,2.047911419863818,2.06144496562957,2.0461088551576188,0.9999999999999998,2.0786502798715025,2.0865799022709286,2.0786233646180836,2.023365027381869,2.0215984479137576,2.066342618608902,2.066342618608902,2.0627989193610654,2.066342618608902,2.1091903425848124,2.092407130696616,2.134737681614756,1.0000000000000002,2.0543479812158685,2.0661457203271634
8,1.0000000000000002,2.0769630035118527,2.0089751205957,2.0224967450707605,2.0235170884271843,1.9474115770146347,1.9425081787157987,1.9485168980768208,2.1366041053221374,2.126309847606441,1.0000000000000002,2.0769630035118527,2.0066594694881656,1.9807545370581685,2.076221079020879,2.087243001228712,0.9999999999999999,2.038155059469905,2.046708271541033,2.051371071445878,0.9999999999999999,2.043364330015798,2.017180324028545,2.0693134312180033,2.06166639147562,2.129934797919299,2.1316665900096403,1.9915069617162853,2.0239493529790757,2.0653735223350624,2.056115576721371,0.9999999999999999,2.0089751205957,2.038155059469905,2.021836409699057,2.034889251952966,2.1073434524110053,2.1120625306995517,2.0924699999968484,2.0348481144661794,2.037253607947947,1.0000000000000002,1.9474115770146343,1.9897624657413724,1.9683933207828765,0.9999999999999998,2.1071451015060454,2.105517088397908,2.0769630035118527,1.9954755712011827,1.9915870890790268,2.052877446242839,2.052877446242839,2.049742286198888,2.052877446242839,2.0659530100478096,2.052598088060252,2.0919336805685367,1.0000000000000002,2.0127688084078184,2.0262590616139065
9,1.0000000000000002,2.0090212836947963,1.9552140062585623,1.9457135124870317,1.948199658875019,1.8992181226098859,1.8542244409932875,1.8634068339053351,2.0587887127890134,2.0605519876110563,1.0000000000000002,2.0090212836947963,1.9621266770481918,1.9332432635150398,2.0433587076792947,2.067749737278671,0.9999999999999999,1.9962529294301758,2.012971919873855,2.0190807089779454,0.9999999999999999,2.0127521740014167,1.9910852441026081,2.0033884266555457,1.9783287172552977,2.066401558378709,2.061107954861794,1.8698068897416658,1.8705862627666552,2.032996822388714,2.0335389294322495,0.9999999999999999,1.9552140062585623,1.9962529294301758,1.9819641073844454,1.9976393086035007,2.042652733963897,2.0455740954420953,2.036863973423346,2.010890731601165,2.0158958402989815,1.0000000000000002,1.8992181226098854,1.954190528867944,1.9280832394936587,0.9999999999999998,2.0462812177791565,2.046001404909218,2.0090212836947963,1.9095555215745759,1.9074700617157596,1.9095104454343899,1.9095104454343899,1.921576742924898,1.9095104454343899,1.9919439785677227,1.9421443594816368,2.036385512429847,1.0000000000000002,1.8712123676114907,1.8870779316749233
10,1.0000000000000002,1.9668375581687982,1.940006481463527,1.938758259546785,1.9418830439600847,1.8597705320112035,1.7959824925462795,1.8111880271382923,2.0037122779050036,2.026153310873223,1.0000000000000002,1.9668375581687982,1.9193188583006553,1.8866181939769247,1.9791860160957737,1.9901516881735724,0.9999999999999999,2.004488451797861,1.99770106381299,2.0028306141843473,0.9999999999999999,2.0143023946833307,1.9927385612103798,1.9588620946041317,1.937928095430815,2.0428720198730637,2.054412459021798,1.8279348158525468,1.8799475177822325,2.0150605145161475,2.019590617103947,0.9999999999999999,1.9400064814635272,2.004488451797861,1.9921456926390504,2.013252082480826,2.020011209980073,2.013398874411829,1.8972745854285458,1.9311138438552975,1.9220449954725307,1.0000000000000002,1.8597705320112032,1.9087341202423564,1.8774244573044807,0.9999999999999998,1.9675772574673724,1.9698915509453405,1.9668375581687982,1.8414199394057043,1.8380985426775,1.9309964172270728,1.9309964172270728,1.9444838665235453,1.9309964172270728,1.8512309399343507,1.7823678489727537,1.8972922480811982,1.0000000000000002,1.7640189036786211,1.7738542132814183
11,1.0000000000000002,1.9736050809299268,1.9504379041306086,1.9489601471981322,1.949745994416746,1.8658892541615264,1.8240606354909639,1.8357724487635394,1.9304416876943091,1.9546757422078223,1.0000000000000002,1.9736050809299268,1.8813436979518134,1.844065306827227,1.9630797700696512,1.9815233832869057,0.9999999999999999,1.9585736987583733,1.985733077603761,1.9906192779058254,0.9999999999999999,2.007533952607192,1.994565906207299,1.9569891342045749,1.9466647286989713,1.9637416626354713,1.9701407177704304,1.8385666700527208,1.885017024048242,1.9970583983892778,2.0059335338923616,0.9999999999999999,1.9504379041306086,1.9585736987583733,1.9648466532213553,1.978650098392311,1.9811832757131276,1.9664104077420441,1.8807707275218233,1.9012425542025522,1.8990462657561573,1.0000000000000002,1.8658892541615257,1.8846404340309002,1.87209046014527,0.9999999999999998,1.9194014589265753,1.9181430528235281,1.9736050809299268,1.8209915675676116,1.812878460197859,1.967022841968181,1.967022841968181,1.9704047312874184,1.967022841968181,1.8377623712660514,1.7780016333761117,1.8805640518635922,1.0000000000000002,1.7598890022767482,1.7669572448254744
12,1.0000000000000002,1.9875366947685027,1.985713783043668,1.9916587873806848,1.9878341468482768,1.8739204242891156,1.871956697775009,1.8802381693434358,2.088063574131315,2.113613542888119,1.0000000000000002,1.9875366947685027,1.9598798952552154,1.9421897787320876,2.049354644131735,2.063691053814522,0.9999999999999999,2.030594008813604,2.0208351172560475,2.025816071103273,0.9999999999999999,2.0053613810375683,1.9830957138630254,2.0559873894281595,2.058794126242427,2.095141073217997,2.097454867911127,1.9513734612718971,1.989914619499153,2.038363133584267,2.0408017794628766,0.9999999999999999,1.9857137830436682,2.030594008813604,2.018011694238547,2.0382113247988447,2.0549518483223492,2.058753136542412,2.0165641753372046,1.9877694929473069,1.9868036014498638,1.0000000000000002,1.8739204242891152,1.9118873406413945,1.8882016160998667,0.9999999999999998,2.019802111957825,2.0180298050519596,1.9875366947685027,1.9368612365134341,1.9301340218771856,2.0193993721153256,2.0193993721153256,2.0106761766740266,2.0193993721153256,2.013924775055277,2.0128673749094874,2.016201067538606,1.0000000000000002,1.938724695952084,1.955468552374919
13,1.0000000000000002,1.859378536995837,1.9443454151182464,1.9110009574868163,1.919313270611136,1.9318125109636515,1.82329638562053,1.8250308603777285,2.067842947320829,2.0971961529288543,1.0000000000000002,1.859378536995837,1.8899375100315328,1.8697986940199882,1.9847982615036348,1.9967631760383118,0.9999999999999999,1.919680631719122,1.8965383858896747,1.8984119438096165,0.9999999999999999,1.9333399838601257,1.9099887688729527,2.0576826007484104,2.069748158465651,2.0751542466153508,2.079374576549219,1.8794464063647287,1.9268259485557218,1.972609645005791,1.9562834551957944,0.9999999999999999,1.9443454151182467,1.919680631719122,1.9535248417157853,1.9536220559658033,2.033195781247426,2.038045066406942,2.0024867667180613,1.9441290613569557,1.9444129689324787,1.0000000000000002,1.9318125109636508,1.965661162258471,1.945191690291195,0.9999999999999998,2.0142946223487646,2.010885719774318,1.859378536995837,1.8385628141834187,1.8278200554701458,1.8795158869420239,1.8795158869420239,1.8667661462408862,1.8795158869420239,2.00038720188717,1.9844991474341973,2.0024058108898593,1.0000000000000002,1.821396030278871,1.8377179453471926
14,1.0000000000000002,1.9289990880038013,1.6896067669935528,1.7901860790033164,1.8042974340110562,2.0054805296112734,1.9475774405476272,1.951632319351536,2.0839183054115,2.05977750777629,1.0000000000000002,1.9289990880038013,1.7818382788321332,1.7325752334546765,1.891051366583811,1.9110501240039186,0.9999999999999999,1.8209523840588417,1.8429848033461176,1.8413318156193748,0.9999999999999999,1.932841599711088,1.9170684944429286,2.0673450067569057,2.0763731502320906,2.0942477184191417,2.1071518090748844,1.735731866469312,1.7714898431886341,1.951860199080998,1.933722591313851,0.9999999999999999,1.689606766993553,1.8209523840588417,1.8533262428896622,1.8804335555189478,2.0513270850439267,2.0630528333869695,2.0577723416933718,1.8908155061318166,1.8934365971272022,1.0000000000000002,2.0054805296112734,2.01206505522378,2.003258748363276,0.9999999999999998,2.037217835245419,2.029792563020212,1.9289990880038013,1.7525064639319958,1.747695125928925,1.7681532638641375,1.7681532638641375,1.8343074359898237,1.7681532638641375,2.0240537744577325,1.9933226095915741,2.057417633686247,1.0000000000000002,1.7573482663806015,1.7668951239487478
15,1.0000000000000002,1.8442645895264462,1.7090836215654321,1.7425982227402517,1.7524905018672514,2.027158400479439,1.9949596426998768,1.9967144116645235,2.0866551592132487,2.05010017857929,1.0000000000000002,1.8442645895264462,1.6928872722964254,1.6240323030792332,1.8547995666560617,1.8786907886813713,0.9999999999999999,1.8403785566805198,1.85422421370579,1.8536359764877548,0.9999999999999999,1.9726482113910604,1.9641995229875795,2.0483200121580216,2.0690699074931387,2.091913630864121,2.107770787943148,1.7019912000617718,1.7510677008087954,1.952843718021891,1.930767722244292,0.9999999999999999,1.7090836215654321,1.8403785566805198,1.8403495865736108,1.8640386759210659,2.0533877202130792,2.071396383878083,2.0857908652415995,1.8797476669780686,1.8861712486608544,1.0000000000000002,2.0271584004794385,2.046610868012919,2.037795253386172,0.9999999999999998,2.072771366998936,2.0722995441131102,1.8442645895264462,1.6762986082490192,1.6711270079049412,1.684224816668828,1.684224816668828,1.6933237904649738,1.684224816668828,2.0581319571374292,2.0352429978310362,2.0856177277638808,1.0000000000000002,1.7613510254294287,1.777157508922073
16,1.0000000000000002,1.8883633996446436,1.6384669834772114,1.7277558033549512,1.7447186562044166,2.0609566964355075,2.0344910326206693,2.0347538198192585,2.0677399626386883,2.037516595489384,1.0000000000000002,1.8883633996446436,1.6847589025333904,1.6137683112706795,1.8470981161948408,1.8644803441515707,0.9999999999999999,1.8309163283542578,1.8436769342972554,1.8393176019496695,0.9999999999999999,1.9976413045927939,2.0015157608829335,2.0217775543007033,2.034873305778254,2.07883257241076,2.1041257666810558,1.710492400833973,1.7609102716839016,1.9383236848827143,1.9158393699045375,0.9999999999999999,1.6384669834772114,1.8309163283542578,1.8223335811335302,1.8396071044299558,2.064535171279155,2.0897295487279823,2.100295650024124,1.8443506121589281,1.8401416399561648,1.0000000000000002,2.0609566964355075,2.064826793018326,2.056432375564616,0.9999999999999998,2.0582663483450174,2.0568992169272438,1.8883633996446436,1.6929179411046216,1.6948953979773334,1.7175489183893866,1.7175489183893866,1.7138864917167158,1.7175489183893866,2.062022583678799,2.0404595689248177,2.1001767541760175,1.0000000000000002,1.760816833173568,1.7729564949900285
17,1.0000000000000002,1.9274125071611632,1.839171272596679,1.8403073122483187,1.8416436030491277,2.1021587105781405,2.076817016134124,2.077252655890757,2.1113738689980286,2.1183636758087614,1.0000000000000002,1.9274125071611632,1.8478786622600585,1.8269468108015106,1.9118018891283084,1.9230971289825627,0.9999999999999999,1.914992860126056,1.9313131917937045,1.928692442963561,0.9999999999999999,2.0482902074520277,2.0398083444253947,2.059345624300089,2.073923239407542,2.114235649936356,2.118754295922474,1.8212242528777944,1.8452954097424867,1.9941277727979536,1.9697620785091152,0.9999999999999999,1.839171272596679,1.914992860126056,1.8877738732326275,1.9059752790215911,2.0995770053104104,2.112976163211014,2.1152852996526796,1.896855830095773,1.896550831200242,1.0000000000000002,2.1021587105781396,2.105232165358981,2.09838060679819,0.9999999999999998,2.0741791734087953,2.0770114510299105,1.9274125071611632,1.839610629102974,1.8428379544537972,1.8582442421364709,1.8582442421364709,1.8496345285365492,1.8582442421364709,2.1062994003929547,2.0957998651648735,2.115341654889,1.0000000000000002,1.876019266761329,1.8842090338752733
18,1.0000000000000002,1.880840981590215,1.8475107410789002,1.7959024784534854,1.8022893678868201,2.077156964854547,2.0370892634541393,2.034800791699426,2.017554095073525,2.0656280420687905,1.0000000000000002,1.880840981590215,1.7443152400811437,1.7093062850005565,1.8036035205002139,1.7766614559214804,0.9999999999999999,1.8045361771662312,1.7996928236034615,1.7944468106586846,0.9999999999999999,1.9532290086377475,1.961144997802937,1.9464480129786546,1.9527438808769884,2.048358789409245,2.0463073739799476,1.7006968783962095,1.7510854785327787,1.9028744947859837,1.8888927966203435,0.9999999999999999,1.8475107410789002,1.8045361771662312,1.8131866027626846,1.7913539300519372,1.9936159059983891,2.0105734990870587,2.055922043144876,1.838229354315133,1.8426836669338076,1.0000000000000002,2.0771569648545465,2.065371089651837,2.0593110331747626,0.9999999999999998,1.9569023430505763,1.961021077574165,1.880840981590215,1.7545272589758132,1.7616037914281077,1.8013734874467229,1.8013734874467229,1.8071118268267812,1.8013734874467229,2.067394768243968,2.067523332501748,2.056080355879454,1.0000000000000002,1.844100724930017,1.8579820616703264
19,1.0000000000000002,1.8708884846660498,1.612788413758171,1.6880545651612162,1.7175864626937003,2.0199701837970645,1.9716305789545001,1.9661172804495952,1.9604474894675292,2.006078626761646,1.0000000000000002,1.8708884846660498,1.719713535857313,1.6759451867688235,1.7445906743753596,1.723087148633435,0.9999999999999999,1.7566088516010185,1.7274268397150345,1.7259282964945317,0.9999999999999999,1.8313142905563933,1.8459340824157409,1.887000582951719,1.888323230693989,1.987829324452524,1.9849363420300203,1.6994782092171066,1.764019571365761,1.8178094332870522,1.8040423533824754,0.9999999999999999,1.612788413758171,1.7566088516010185,1.7227953169630457,1.7102043880421571,1.8970093796196381,1.9276039202485042,1.9769854169899008,1.7831563312313115,1.7891973013897988,1.0000000000000002,2.019970183797064,1.9862306005950605,1.9772878457754806,0.9999999999999998,1.903659736879816,1.8997492047322673,1.8708884846660498,1.7117878609731596,1.7180945499457787,1.638842816599404,1.638842816599404,1.633700965786232,1.638842816599404,2.0087503214229354,2.011958599039084,1.9773259025767178,1.0000000000000002,1.8362400489999344,1.8433503982605408
20,1.0000000000000002,1.8511107451848674,1.6470294507910566,1.6861513083208854,1.714078469706697,1.9040882015295348,1.8655628197778489,1.8655028139805616,1.9369196535528297,1.98705033778927,1.0000000000000002,1.8511107451848674,1.6821498922001181,1.6126308129375386,1.7276486647351912,1.7251952755888593,0.9999999999999999,1.7218596244652615,1.706631747990558,1.6910307870328876,0.9999999999999999,1.7303092496670962,1.7263863843916816,1.8582373711191091,1.8666987276061477,1.9480776569533926,1.939222498077139,1.7207434189288742,1.7899604495881534,1.7828494995048068,1.7655398498391748,0.9999999999999999,1.6470294507910568,1.7218596244652615,1.713818980183666,1.7163430406965272,1.8319304806725543,1.8650545587135405,1.8846645945223284,1.7526344216882337,1.7460283183547953,1.0000000000000002,1.9040882015295344,1.8805507627752667,1.8711571197343075,0.9999999999999998,1.8345299958562533,1.8375338805194579,1.8511107451848674,1.681343293361521,1.663890105139266,1.5804454239079275,1.5804454239079275,1.5731555248572273,1.5804454239079275,1.9292700870151798,1.9422190840836844,1.8849287804948196,1.0000000000000002,1.7962194711017025,1.7949006228391007
21,1.0000000000000002,1.8551093141739776,1.6577854158289882,1.7024055788838741,1.7257497003183586,1.8421053574642947,1.814481918044181,1.8221702795156496,1.925097818212935,1.9544051983372022,1.0000000000000002,1.8551093141739776,1.709004243197983,1.64795034440914,1.7336997063277424,1.740611346083624,0.9999999999999999,1.8060552162011634,1.7583454850277374,1.7594693901178955,0.9999999999999999,1.7433958071791849,1.723719079996863,1.8560378414281093,1.868588867792123,1.93618479569944,1.9323939763646418,1.7827185539485122,1.8397764449897804,1.758015481739461,1.7381189676433397,0.9999999999999999,1.6577854158289882,1.8060552162011634,1.7128054312581413,1.6967771299421783,1.8327411364684727,1.851652885680816,1.8599829366169325,1.7697707682092028,1.7725427021318636,1.0000000000000002,1.8421053574642943,1.834149700891123,1.8259758968808881,0.9999999999999998,1.8201949460784368,1.8200553630705307,1.8551093141739776,1.7222263343885567,1.7224737929063678,1.575151995260481,1.575151995260481,1.5924071658320242,1.575151995260481,1.9026744731636205,1.916126073306785,1.8601390572967875,1.0000000000000002,1.8863465973643618,1.8809172837774841
22,1.0000000000000002,2.0696006794364097,1.8237251635661997,1.8361568487807798,1.8431113833539885,1.9041785125144075,1.8566124362739371,1.8644778208266084,2.0030242476278546,2.0228790328121096,1.0000000000000002,2.0696006794364097,1.9124439129073025,1.8658770726335774,1.8550307105269745,1.8410241270675571,0.9999999999999999,1.8162690436808169,1.8117557823270856,1.8099792638272405,0.9999999999999999,1.850731446058431,1.830709686374343,1.962233133666205,1.9824988455192911,1.992447178522525,1.987092098541997,2.0071934235176,2.0467785062330113,1.7957630242362481,1.7784141603454215,0.9999999999999999,1.8237251635661997,1.8162690436808169,1.785824848178912,1.7808005376919684,1.8858427760824985,1.8989783023461737,1.9220871094975331,1.9491707248715915,1.9655871846007822,1.0000000000000002,1.9041785125144068,1.9064100440616953,1.9004191314283128,0.9999999999999998,1.9178954880926926,1.9188368417848891,2.0696006794364097,1.9430796433696313,1.9473638424960789,1.89480601310319,1.89480601310319,1.9045354302154611,1.89480601310319,1.9474755562850998,1.9512056985490553,1.9221781182232187,1.0000000000000002,2.1021695120797195,2.1088004799906463
23,1.0000000000000002,1.8411553270075727,1.7303194593548756,1.713946712842626,1.7199862652793116,1.8147390232201706,1.7580605282391961,1.756894458785885,1.9283733016862248,1.9317320434283503,1.0000000000000002,1.8411553270075727,1.7316033485185456,1.6869167999372436,1.8336719932557242,1.8073560141191367,0.9999999999999999,1.7697222384216116,1.7608110485463926,1.7619254555412676,0.9999999999999999,1.7519700690265303,1.7343431891668728,1.9606458708321874,1.9758500059931756,1.899344144474794,1.8946395945017396,1.8746347201639662,1.8824005829305628,1.7187964177081363,1.6986338277713324,0.9999999999999999,1.7303194593548756,1.7697222384216116,1.7260671932745535,1.7373214213846562,1.7937001465981581,1.8097789168934364,1.799707097076909,2.007867017687396,2.0180842034429256,1.0000000000000002,1.81473902322017,1.8086541984354585,1.7993588924669068,0.9999999999999998,1.8344117430150262,1.8253104027003169,1.8411553270075727,1.762266380762638,1.7492428756010407,1.678476525731838,1.678476525731838,1.6960292922715685,1.678476525731838,1.8399633673208784,1.8403720120454021,1.8000403966233025,1.0000000000000002,1.987812947085225,2.011096255999357
24,1.0000000000000002,1.8578951590940185,1.7650227931482598,1.718808870853902,1.7202266155514923,1.79926848773343,1.7480980858515303,1.7480492645531958,2.127097500737782,2.0717701505696273,1.0000000000000002,1.8578951590940185,1.6988173152152781,1.649412204225307,1.9934595584589807,1.9967629222647656,0.9999999999999999,1.8658464892826818,1.8260831126302703,1.8263146462603124,0.9999999999999999,1.7701970570817145,1.737059684279247,2.1504929064714924,2.171066564506353,2.016692452035885,2.012455218170239,1.9288944574359328,1.9561962338481065,1.9429502711618305,1.9298898214946614,0.9999999999999999,1.76502279314826,1.8658464892826818,1.831432560085239,1.8523022529641855,1.9401765238763797,1.941631331425964,1.8576583737429506,2.1142660180986845,2.1253621852326443,1.0000000000000002,1.7992684877334295,1.81438190347382,1.7979542650759406,0.9999999999999998,2.0723801393804946,2.0632131800556737,1.8578951590940183,1.768653299514998,1.757240123784811,1.665286010365949,1.665286010365949,1.659618008353561,1.665286010365949,1.862579927874271,1.8442543586405213,1.857705074067033,1.0000000000000002,1.9413087483173228,1.9572424787126483
25,1.0000000000000002,1.926415500797165,1.7930546785551298,1.753925827484467,1.7503805120710396,1.9611551613937066,1.8906683187704558,1.8933712494539736,2.204922913500276,2.181324685173446,1.0000000000000002,1.926415500797165,1.7396064796822779,1.6940308701912108,2.150467752824065,2.158310368697628,0.9999999999999999,1.9685042352093731,1.9230063334210923,1.9069296017626285,0.9999999999999999,1.9536818371151072,1.9308117425633644,2.216106983705309,2.2335222144659106,2.178998782909376,2.1814049730193776,2.1143986976080593,2.1251574313094883,2.058020153406333,2.0389514077152326,0.9999999999999999,1.79305467855513,1.9685042352093731,1.9199425035645592,1.9440063938412602,2.1244947172170168,2.1383620423393777,2.1098002466207326,2.231309005105213,2.2534387948604864,1.0000000000000002,1.9611551613937064,1.994019312076258,1.972024735388563,0.9999999999999998,2.1689184842753324,2.1720535855826038,1.926415500797165,1.9156723295745004,1.899954083381437,1.7014971574843507,1.7014971574843507,1.7050878252844477,1.7014971574843507,2.0769217385535113,2.054537081708016,2.109308332107324,1.0000000000000002,2.144200474418119,2.158263406615299
26,1.0000000000000002,2.135304464765932,2.1257985355119473,1.9703750101457145,1.9388106202238435,2.0664897417459,2.0427668787739104,2.0517782571755654,2.2205612488359727,2.2032285483937093,1.0000000000000002,2.135304464765932,1.9551535557051676,1.916620818377333,2.3083848453408686,2.317210535551365,0.9999999999999999,2.075302332499663,2.0388080532836295,2.023797170936213,0.9999999999999999,2.070342404777245,2.056822508470363,2.2737066046928898,2.2806356378066956,2.2038625292933345,2.2051060469293,2.331919662568683,2.3703554780700253,2.173244904974453,2.1574864813384185,0.9999999999999999,2.1257985355119473,2.075302332499663,2.100182937483587,2.1064850531129165,2.1920266005496747,2.197538118288277,2.164032685507995,2.3176660455299443,2.335121596224246,1.0000000000000002,2.0664897417459,2.0769343379832996,2.0661646671918246,0.9999999999999998,2.2169394179578257,2.21969616611804,2.135304464765932,2.1675494656119008,2.1487215595142812,2.013374632319186,2.013374632319186,2.0343235618205804,2.013374632319186,2.1613995374051678,2.1564326328677783,2.163678693002047,1.0000000000000002,2.3151548693508364,2.329056813994641
27,1.0000000000000002,2.2227088560640635,2.2343381671672704,2.0997505367719445,2.0775860196238733,2.13761203054365,2.1300288165385823,2.1318002217698995,2.232192310143817,2.181271494076239,1.0000000000000002,2.2227088560640635,2.0908679518243067,2.0590441671965425,2.372249673861601,2.3735932054595827,0.9999999999999999,2.222187177333265,2.1635642597151477,2.1626048908878834,0.9999999999999999,2.1754970882308515,2.169277885597968,2.365926357241341,2.380901255942157,2.1937270411572833,2.1947745737105775,2.3837185200934186,2.4149907212546124,2.2572393589832296,2.243665134094221,0.9999999999999999,2.2343381671672704,2.222187177333265,2.227264981790347,2.246649003794047,2.2401952644852403,2.231290451000899,2.181847775168559,2.3997361076898995,2.4229306293759487,1.0000000000000002,2.13761203054365,2.1557792708812924,2.147451189250478,0.9999999999999998,2.2896543950665094,2.287776248782942,2.2227088560640635,2.2485729615993044,2.2392405617106634,2.1609667458097266,2.1609667458097266,2.180159528216625,2.1609667458097266,2.172417406676896,2.162093464158217,2.1817390074199867,1.0000000000000002,2.399126540718835,2.424973180999189
28,1.0000000000000002,2.2408295067731707,2.2912833306261753,2.1622184805961355,2.1374054504475084,2.1397698347455942,2.139294003053588,2.1439499401639632,2.2610711231021536,2.1276228561032653,1.0000000000000002,2.2408295067731707,2.0912223348173615,2.0581930236107997,2.499050028462814,2.508994759080304,0.9999999999999999,2.2809307644047654,2.2023084461435447,2.2028173799249027,0.9999999999999999,2.215438277692012,2.203783650863858,2.499102912636917,2.523171334721077,2.2274273146259587,2.2810214879157167,2.4559708257990374,2.489386035321607,2.3239483233640628,2.330096722082125,0.9999999999999999,2.2912833306261753,2.2809307644047654,2.2947631883944997,2.3051631369070855,2.297103355957724,2.309265696273631,2.2015997314649423,2.496348717208909,2.5120735372825633,1.0000000000000002,2.139769834745594,2.1725941922743264,2.1610049005900525,0.9999999999999998,2.3452602331292707,2.3354008267198743,2.2408295067731707,2.2870399098724885,2.275034982564164,2.1859947601563703,2.1859947601563703,2.1878907194373207,2.1859947601563703,2.1508222904793612,2.1373499015752224,2.201317092732468,1.0000000000000002,2.4077163244846074,2.4403363056102654
29,1.0000000000000002,2.3297976806965184,2.362170372273941,2.2516004577086806,2.23148299297388,2.146713154761126,2.2035499297765986,2.2115057916017196,2.1643860735329357,2.1758701614191356,1.0000000000000002,2.3297976806965184,2.171639898615665,2.1272884299965202,2.4992966103812573,2.494770412730641,0.9999999999999999,2.3830074637611167,2.3319291820684938,2.329314807971668,0.9999999999999999,2.3533988572936573,2.3271005809058707,2.3292651816738754,2.3254079910994148,2.1516993404928257,2.1455130749411806,2.4942587984502227,2.539686144799978,2.4216859167348064,2.4051089003669874,0.9999999999999999,2.362170372273941,2.3830074637611167,2.377336151384096,2.3910076893239074,2.3492302170426114,2.2917131573710248,2.130768346292795,2.535282832015582,2.5530638539483235,1.0000000000000002,2.146713154761126,2.179784219709429,2.1876500848586975,0.9999999999999998,2.260422629974395,2.263592625223997,2.3297976806965184,2.3465261451003765,2.334619300476369,2.2926206081885048,2.2926206081885048,2.3176169586598654,2.2926206081885048,2.1233993707663723,2.117807696843414,2.13067371878258,1.0000000000000002,2.4211648126222376,2.4492547916944023
30,1.0000000000000002,2.3248100472480937,2.355587990110553,2.270215487160257,2.253148009037713,2.1343514209352694,2.1430346274401235,2.137169549954981,2.1010873251218785,2.038730417644773,1.0000000000000002,2.3248100472480937,2.1631522754292813,2.1182549329744718,2.491041923897314,2.509264199387776,0.9999999999999999,2.3642576988779105,2.338237102811961,2.3438644879463397,0.9999999999999999,2.2891986482185,2.294301115000729,2.2243650922438594,2.2273892587396382,2.125097780328729,2.147293174775793,2.4345416027844586,2.4700434046378414,2.2066478380535206,2.2410236434043553,0.9999999999999999,2.355587990110553,2.3642576988779105,2.3324513188136247,2.3494478320898784,2.1595200415985842,2.157044543964903,2.171355951380051,2.543945841944639,2.567451366127678,1.0000000000000002,2.1343514209352694,2.1378324642034063,2.1307594541340715,0.9999999999999998,2.1505580852833037,2.1447874094327313,2.3248100472480937,2.3374737464714506,2.327321586915935,2.2997452304248927,2.2997452304248927,2.316266809697965,2.2997452304248927,2.132267664583555,2.0959263665809424,2.171259624329045,1.0000000000000002,2.380874663687847,2.4040222756238987
31,1.0000000000000002,2.3926535961898554,2.4305013099317305,2.3400616261653013,2.331374453230703,2.175104115079159,2.1729058288484464,2.1772844584388307,2.1526796049334846,2.131389561397451,1.0000000000000002,2.3926535961898554,2.353813960171598,2.3220656533176753,2.520813347572145,2.5437615009894516,0.9999999999999999,2.3337081983890484,2.2667474771741936,2.26124030634687,0.9999999999999999,2.222466304357779,2.20696734319945,2.4386867018357385,2.4632335816196966,2.1558523707010955,2.1677613321984412,2.472298728025983,2.5017395947606462,2.248417736771968,2.2639035431656,0.9999999999999999,2.4305013099317305,2.3337081983890484,2.312551896974729,2.2811581314926666,2.1897753713897417,2.190822570050363,2.1774604107735875,2.5451271143357985,2.566668687077652,1.0000000000000002,2.175104115079159,2.1795403062495837,2.180586219120683,0.9999999999999998,2.19682320011705,2.179446591577707,2.3926535961898554,2.3843520145396804,2.3692530036818877,2.292995100386457,2.292995100386457,2.358602192262348,2.292995100386457,2.135145232193446,2.0969497228454825,2.1773447999332265,1.0000000000000002,2.504159037642104,2.515089006846172
32,1.0000000000000002,2.340345489477733,2.360468783285264,2.285663468541193,2.2768129259505314,2.10923351465977,2.1133296943654534,2.111213739626729,2.2508411065803453,2.1303686066043857,1.0000000000000002,2.340345489477733,2.2834196160481235,2.2750426856348303,2.524953560923774,2.5395428694844715,0.9999999999999999,2.326870324993955,2.3100136928061166,2.3194582232883945,0.9999999999999999,2.1873503944386403,2.1674765273972794,2.4962829129352997,2.515182576354877,2.153728118134567,2.1621368472953213,2.4816002427116555,2.5061932607595443,2.3676251530956716,2.358295216115928,0.9999999999999999,2.360468783285264,2.326870324993955,2.325735423579407,2.3274735770363364,2.2300540807624567,2.210744196464603,2.127747091304061,2.6092529399726674,2.639892032484987,1.0000000000000002,2.1092335146597696,2.1162214811913804,2.115248535697738,0.9999999999999998,2.3523174547397225,2.3446576102570007,2.340345489477733,2.3427831111897457,2.328554401528209,2.2336591728107864,2.2336591728107864,2.2334498962285223,2.2336591728107864,2.1053869607970506,2.080677659646336,2.127534592039148,1.0000000000000002,2.489306415617639,2.5081616618112377
33,1.0000000000000002,2.252757081865247,2.4050648175319553,2.2862905250037473,2.268503443063032,2.112309201006086,2.1194558839990534,2.1207715392657347,2.402540681679077,2.3461061143660897,1.0000000000000002,2.252757081865247,2.1900374672150953,2.168957986324818,2.5712062636475794,2.5816549792070447,0.9999999999999999,2.395654414073322,2.342344713396819,2.3394865237714053,0.9999999999999999,2.247420156222037,2.231775585948001,2.52508043195774,2.5420422808703544,2.3254007718188583,2.3395815652711116,2.526565481817127,2.5579391844320782,2.381785703147485,2.3840654773722774,0.9999999999999999,2.4050648175319553,2.395654414073322,2.3810690070123557,2.3915218288900966,2.3001516102765476,2.2978241286152805,2.2095056244471523,2.6167079652985246,2.6430299789107536,1.0000000000000002,2.1123092010060853,2.1405991627181553,2.1321756782928736,0.9999999999999998,2.3872478968834514,2.373998922594521,2.252757081865247,2.315092995386846,2.293618340054164,2.242611676021167,2.242611676021167,2.266328920981921,2.242611676021167,2.1622926611709583,2.1382392435517197,2.2090186739589304,1.0000000000000002,2.4729972585015445,2.4944939130894173
