,0,6,8,14,19,23,26,30,34,38,39,40,42,45,49,50,59,61,62,68,72,76,79,83,85,89,91,92,94,96,102,103,107,110,116,117,118,120,122,124,127,131,135,137,139,143,148,151,152,156,157,159,270,273,447,448,449,280,281,282,283,284,285,286,287,289,290,292,293,295,296,298,299,301,302,303,304,305,306,307,308,310,311,312,313,314,315,317,318,320,321,322,323,324,325,326,327,342,343,385,386,161,165,174,177,178,179,183,186,187,191,196,198,279,288,291,294,297,300,309,316,319,161 ramp_up,174 ramp_up,177 ramp_up,179 ramp_up,186 ramp_up,187 ramp_up,279 ramp_up,288 ramp_up,291 ramp_up,294 ramp_up,297 ramp_up,300 ramp_up,309 ramp_up,316 ramp_up,319 ramp_up,161 ramp_down,165 ramp_down,174 ramp_down,177 ramp_down,178 ramp_down,179 ramp_down,183 ramp_down,186 ramp_down,187 ramp_down,191 ramp_down,196 ramp_down,198 ramp_down,279 ramp_down,288 ramp_down,291 ramp_down,294 ramp_down,297 ramp_down,300 ramp_down,309 ramp_down,316 ramp_down,319 ramp_down
0,0.4325258850412357,0.11757546767529448,0.9999999999999998,0.4148348494078541,0.08998777403186851,0.4685892579333262,0.09878777187630339,0.41836193288574236,0.11280049867569059,0.40288874814303693,0.9999999999999999,0.12091573127691378,0.9999999999999999,0.435059347227424,0.9999999999999999,0.11402814317570899,0.4178382923140419,1.0000000000000002,0.1201409319926002,0.44691575729609184,0.12443721082484908,0.43090420938019375,0.11550176277081284,0.4183418673356266,0.11990233328570546,0.4269833125386435,0.9999999999999999,0.11202085062333075,1.0000000000000002,0.4415589881009063,1.0000000000000002,0.1022796096204468,0.43652305690418924,0.11993493657404979,0.5057871485095975,1.0000000000000002,0.11458368614310513,0.9999999999999998,0.4275443913197263,0.9999999999999998,0.10803886234570549,0.439815842594661,0.11666153506683064,0.9999999999999999,0.40713848472958475,0.11781577863408092,0.43636173042430776,0.11111854016780853,0.45164165942862383,0.11072897911071777,0.44528875409039065,0.12362880259752274,0.4137886448697595,0.12236734488855569,0.4299745519483281,0.9999999999999998,0.11368066700620305,0.0,0.0,0.0,0.0,0.0,0.0,0.0,0.0,0.0,0.0,0.0,0.0,0.0,0.0,0.0,0.0,0.0,0.0,0.0,0.0,0.0,0.0,0.0,0.0,0.0,0.0,0.0,0.0,0.0,0.0,0.0,0.0,0.0,0.0,0.0,0.0,0.0,0.0,0.0,0.0,0.0,0.0,0.0,0.0,0.0,0.0,0.0,0.0,0.0,0.0,0.0,0.8904288619900538,0.0,0.0,0.0,0.0,0.0,0.0,0.0,0.0,0.0,0.0,0.0,0.0,0.0,1.0,1.0,1.0,0.9999999999999999,0.10957113800994621,1.0,1.0,0.9999999999999999,1.0,0.9999999999999999,1.0,1.0,1.0,1.0,1.0,0.0,0.0,0.0,0.0,0.0,0.0,0.0,0.0,0.0,0.0,0.0,0.0,0.0,0.0,0.0,0.0,0.0,0.0,0.0,0.0,0.0
1,0.46252856907250656,0.09874796254787334,0.9999999999999998,0.4508649290125871,0.08467584076152665,0.4992580961199311,0.08970849666273782,0.4545224022981115,0.09688216359540726,0.4293918188975376,0.9999999999999999,0.10314183203448488,0.9999999999999999,0.46259414063842763,0.9999999999999999,0.09829120161927507,0.44841746187751524,1.0000000000000002,0.10600731901679374,0.4741097208943242,0.10935657264315903,0.46363606571134647,0.09775307055797439,0.4455927713031772,0.10192609870269824,0.457428361295088,0.9999999999999999,0.09640447625900275,1.0000000000000002,0.47225103798118007,1.0000000000000002,0.09238177884202331,0.4659835089072863,0.10073264774160444,0.5357460178912888,1.0000000000000002,0.09605882598504459,0.9999999999999998,0.4654556614346938,0.9999999999999998,0.09428632379486063,0.4719130756060348,0.09904879177997501,0.9999999999999999,0.43704855126708014,0.10201827610247052,0.4592536017245708,0.1157756894826889,0.4741186952997717,0.11755773425102234,0.4677599760332301,0.09281077235937119,0.4450197411811171,0.10837532699421881,0.4686616478537738,0.9999999999999998,0.09848821275081662,0.0,0.0,0.0,0.0,0.0,0.0,0.0,0.0,0.0,0.0,0.0,0.0,0.0,0.0,0.0,0.0,0.0,0.0,0.0,0.0,0.0,0.0,0.0,0.0,0.0,0.0,0.0,0.0,0.0,0.0,0.0,0.0,0.0,0.0,0.0,0.0,0.0,0.0,0.0,0.0,0.0,0.0,0.0,0.0,0.0,0.0,0.0,0.0,0.0,0.0,0.0,0.0,0.0,0.0,0.0,0.0,0.0,0.0,0.0,0.0,0.0,0.0,0.0,0.0,0.0,1.0,1.0,1.0,0.9999999999999999,1.0,1.0,1.0,0.9999999999999999,1.0,0.9999999999999999,1.0,1.0,1.0,1.0,1.0,0.0,0.0,0.0,0.0,0.0,0.0,0.0,0.0,0.0,0.0,0.0,0.0,0.0,0.0,0.0,0.0,0.0,0.0,0.0,0.0,0.0
2,0.372537521717646,0.29634727894108526,0.9999999999999998,0.3355514719619718,0.27204771367466357,0.40591819324387995,0.2780895633583921,0.3537736310668155,0.3010998172186916,0.34906197160516056,0.9999999999999999,0.2919875502799168,0.9999999999999999,0.3740278853515139,0.9999999999999999,0.2863123193077639,0.35231271271063547,1.0000000000000002,0.2773270448868783,0.39348420463834993,0.28889384400215945,0.36459468842295056,0.2840420777666168,0.36341688023644714,0.29025355057158825,0.35982772907734656,0.9999999999999999,0.30208235715433934,1.0000000000000002,0.3770888347274096,1.0000000000000002,0.2925084375394988,0.37722473520637034,0.277530424332834,0.447049312939683,1.0000000000000002,0.29266512193451694,0.9999999999999998,0.34174716571702646,0.9999999999999998,0.29452648121014335,0.3786001732470936,0.2892007461868142,0.9999999999999999,0.34956854652407154,0.2950244354193232,0.37410591804770094,0.31491735577583313,0.3930409449280646,0.30950266122817993,0.38374117049811607,0.35639068484306335,0.35385029850830474,0.28856561736918585,0.361681947811364,0.9999999999999998,0.2948002276951379,0.0,0.0,0.0,0.0,0.0,0.0,0.0,0.0,0.0,0.0,0.0,0.0,0.0,0.0,0.0,0.0,0.0,0.0,0.0,0.0,0.0,0.0,0.0,0.0,0.0,0.0,0.0,0.0,0.0,0.0,0.0,0.0,0.0,0.0,0.0,0.0,0.0,0.0,0.0,0.0,0.0,0.0,0.0,0.0,0.0,0.0,0.0,0.0,0.0,0.0,0.0,0.20000000000005286,0.0,0.0,0.0,0.0,0.0,0.0,0.0,0.0,0.0,0.0,0.0,0.0,0.0,1.0,1.0,1.0,0.9999999999999999,0.7999999999999471,1.0,1.0,0.9999999999999999,1.0,0.9999999999999999,1.0,1.0,1.0,1.0,1.0,0.0,0.0,0.0,0.0,0.0,0.0,0.0,0.0,0.0,0.0,0.0,0.0,0.0,0.0,0.0,0.0,0.0,0.0,0.0,0.0,0.0
3,0.37847279628981323,0.5567065155283342,0.9999999999999998,0.34364388415584923,0.5212592291614552,0.415302792740041,0.5310506458440751,0.3524317865056016,0.5580827610291795,0.3538865444608919,0.9999999999999999,0.5491133552738819,0.9999999999999999,0.38290063443838185,0.9999999999999999,0.5248255502680104,0.3601300987348666,1.0000000000000002,0.5038874129003766,0.3990243929822896,0.5304323648566058,0.37247497707875993,0.5318834492481362,0.3680074840234722,0.5504912687743206,0.36984193452262515,0.9999999999999999,0.5585153214201228,1.0000000000000002,0.3859215113479446,1.0000000000000002,0.5477640502946239,0.38286683301814434,0.5281886747718292,0.4525230490308789,1.0000000000000002,0.5600497031689341,0.9999999999999998,0.3551237761136279,0.9999999999999998,0.5500434867692087,0.38574940631063087,0.5478382134654809,0.9999999999999999,0.35234914341609214,0.5397868150949504,0.38868858842413884,0.5512921810150146,0.4052168949462742,0.550477921962738,0.39821797785424556,0.5741639137268066,0.3579070490435624,0.5283982763113814,0.36218758789645006,0.9999999999999998,0.5594616665411037,0.0,0.0,0.0,0.0,0.0,0.0,0.0,0.0,0.0,0.0,0.0,0.0,0.0,0.0,0.0,0.0,0.0,0.0,0.0,0.0,0.0,0.0,0.0,0.0,0.0,0.0,0.0,0.0,0.0,0.0,0.0,0.0,0.0,0.0,0.0,0.0,0.0,0.0,0.0,0.0,0.0,0.0,0.0,0.0,0.0,0.0,0.0,0.0,0.0,0.0,0.0,1.0000000000002642,0.0,0.0,0.0,0.0,0.0,0.0,0.0,0.0,0.0,0.0,0.0,0.0,0.0,1.0,1.0,1.0,0.9999999999999999,0.0,1.0000000000000004,1.0,0.9999999999999999,1.0,0.9999999999999999,1.0,1.0,1.0,1.0,1.0,0.0,0.0,0.0,0.0,0.0,0.0,0.0,0.0,0.0,0.0,0.0,0.0,0.0,0.0,0.0,0.0,0.0,0.0,0.0,0.0,0.0
4,0.3110680485287561,0.7017470866387103,0.9999999999999998,0.2648504883840041,0.6277783739154624,0.34660817872366373,0.6647284395117703,0.28180230921699034,0.7122188669358277,0.2947620390871058,0.9999999999999999,0.7080063056096153,0.9999999999999999,0.3189208300996104,0.9999999999999999,0.6800206982252632,0.29391799784227024,1.0000000000000002,0.679158228545104,0.34083456917343335,0.7006151686082447,0.30191024799104405,0.6795133504305472,0.3084808593946103,0.7102165934755026,0.2956355766678737,0.9999999999999999,0.6954660415843461,1.0000000000000002,0.3144388666941499,1.0000000000000002,0.6791296817417048,0.31785292341248184,0.6803010748996696,0.38670372789018287,1.0000000000000002,0.6922354483208623,0.9999999999999998,0.27094074442169674,0.9999999999999998,0.6705696827360075,0.31843813077154837,0.6922427628066175,0.9999999999999999,0.2898069093964656,0.7025797191489948,0.31336070033290997,0.7164798974990845,0.3361517081298001,0.7119038701057434,0.3234224463813821,0.6661950945854187,0.29284943816780634,0.7039349101248533,0.2886265175475413,0.9999999999999998,0.7029115145222068,0.0,0.0,0.0,0.0,0.0,0.0,0.0,0.0,0.0,0.0,0.0,0.0,0.0,0.0,0.0,0.0,0.0,0.0,0.0,0.0,0.0,0.0,0.0,0.0,0.0,0.0,0.0,0.0,0.0,0.0,0.0,0.0,0.0,0.0,0.0,0.0,0.0,0.0,0.0,0.0,0.0,0.0,0.0,0.0,0.0,0.0,0.0,0.0,0.0,0.0,0.0,0.20000000000005339,0.0,0.0,0.0,0.0,0.0,0.0,0.0,0.0,0.0,0.0,0.0,0.0,0.0,1.0,1.0,1.0,0.9999999999999999,0.7999999999999466,1.0,1.0,0.9999999999999999,1.0,0.9999999999999999,1.0,1.0,1.0,1.0,1.0,0.0,0.0,0.0,0.0,0.0,0.0,0.0,0.0,0.0,0.0,0.0,0.0,0.0,0.0,0.0,0.0,0.0,0.0,0.0,0.0,0.0
5,0.44164516934696296,0.8035846062579013,0.9999999999999998,0.427228747854364,0.7283324146871444,0.4783355797104211,0.7776966912889882,0.43049484024772156,0.8113764960041706,0.41094001111693707,0.9999999999999999,0.8182611410839087,0.9999999999999999,0.4438487487510121,0.9999999999999999,0.7742538432087019,0.42774589309253397,1.0000000000000002,0.7513901261858779,0.4553905113331593,0.7997312922341043,0.44186838272011447,0.7705987861829832,0.4267951640963685,0.8207381793845544,0.4350760428455873,0.9999999999999999,0.8007448369228424,1.0000000000000002,0.45084435614413826,1.0000000000000002,0.787733935862694,0.44572993155262913,0.7821237773741823,0.514753774974044,1.0000000000000002,0.7942382405260315,0.9999999999999998,0.4413709104405396,0.9999999999999998,0.7719564203269045,0.4502307114301942,0.8057749886607163,0.9999999999999999,0.4166582026977786,0.79924692765715,0.43916124903827897,0.8342716693878174,0.4552305651133946,0.8335248231887817,0.4478735862145416,0.7825830578804016,0.4239815630531646,0.7867973721140059,0.4432541312630726,0.9999999999999998,0.8183454751773389,0.0,0.0,0.0,0.0,0.0,0.0,0.0,0.0,0.0,0.0,0.0,0.0,0.0,0.0,0.0,0.0,0.0,0.0,0.0,0.0,0.0,0.0,0.0,0.0,0.0,0.0,0.0,0.0,0.0,0.0,0.0,0.0,0.0,0.0,0.0,0.0,0.0,0.0,0.0,0.0,0.0,0.0,0.0,0.0,0.0,0.0,0.0,0.0,0.0,0.0,0.0,1.0000000000002642,0.30093427653315497,0.0,0.0,0.0,0.0,0.0,0.0,0.0,0.0,0.0,0.0,0.0,0.0,1.0,1.0,1.0,0.9999999999999999,0.0,0.6990657234668451,1.0,0.9999999999999999,1.0,0.9999999999999999,1.0,1.0,1.0,1.0,1.0,0.0,0.0,0.0,0.0,0.0,0.0,0.0,0.0,0.0,0.0,0.0,0.0,0.0,0.0,0.0,0.0,0.0,0.0,0.0,0.0,0.0
6,0.44021234833740813,0.7965880237961932,0.9999999999999998,0.42678856552296734,0.7246327825793119,0.4775547797503425,0.7712096922127207,0.4319136995141431,0.8085342338843474,0.4094102076297998,0.9999999999999999,0.8114560872727727,0.9999999999999999,0.44181554013835017,0.9999999999999999,0.7714798743715853,0.4273395023550362,1.0000000000000002,0.7518457659527409,0.45520134200315826,0.7972190891830352,0.44188757847253207,0.76599848408155,0.4256206685817374,0.8149607499262111,0.4320846790102889,0.9999999999999999,0.7962748476025499,1.0000000000000002,0.4487938196672785,1.0000000000000002,0.7814018323416604,0.44459420902132096,0.7742133651084202,0.5140000473056479,1.0000000000000002,0.7866661350517566,0.9999999999999998,0.44070189522909575,0.9999999999999998,0.7675439142643933,0.4510215675585463,0.7983124995615016,0.9999999999999999,0.4164645127244373,0.7967057663565951,0.4294879283051951,0.8298569917678833,0.44737780411835576,0.8341168165206909,0.4380180845850467,0.800168514251709,0.42409214800444434,0.7862899195939257,0.4461218026410595,0.9999999999999998,0.8087833884980654,0.0,0.0,0.0,0.0,0.0,0.0,0.0,0.0,0.0,0.0,0.0,0.0,0.0,0.0,0.0,0.0,0.0,0.0,0.0,0.0,0.0,0.0,0.0,0.0,0.0,0.0,0.0,0.0,0.0,0.0,0.0,0.0,0.0,0.0,0.0,0.0,0.0,0.0,0.0,0.0,0.0,0.0,0.0,0.0,0.0,0.0,0.0,0.0,0.0,0.0,0.0,0.0,0.0,0.0,0.0,0.0,0.0,0.0,0.0,0.0,0.0,0.0,0.0,0.0,0.0,1.0,1.0,1.0,0.9999999999999999,1.0,1.0,1.0,0.9999999999999999,1.0,0.9999999999999999,1.0,1.0,1.0,1.0,1.0,0.0,0.0,0.0,0.0,0.0,0.0,0.0,0.0,0.0,0.0,0.0,0.0,0.0,0.0,0.0,0.0,0.0,0.0,0.0,0.0,0.0
7,0.3554525056522808,0.5799073785151244,0.9999999999999998,0.3170492907813847,0.5180157386774568,0.38928297964458797,0.5555947823653223,0.3326411457679653,0.6015527916589465,0.3332713326663791,0.9999999999999999,0.5909801297369296,0.9999999999999999,0.3586928198908942,0.9999999999999999,0.572003736548561,0.334058911371979,1.0000000000000002,0.5651041427110871,0.377118477617024,0.5883695107939586,0.34644414280923425,0.5560853413910762,0.3468584649781755,0.6031903159680909,0.34257133348949903,0.9999999999999999,0.5797399683777339,1.0000000000000002,0.36032179844880047,1.0000000000000002,0.5651649859787797,0.3603169125901116,0.5625857941351443,0.4298218652239768,1.0000000000000002,0.564461155941691,0.9999999999999998,0.32242087601384106,0.9999999999999998,0.5506089601097524,0.3602153075325483,0.5797136622394206,0.9999999999999999,0.33174143061253963,0.5906813654336046,0.36270847581784066,0.5939551591873169,0.38113950469714775,0.5721950531005859,0.37265841453307014,0.6017558574676514,0.3357931020654513,0.5876248208327433,0.33908973217929644,0.9999999999999998,0.5831515060114317,0.0,0.0,0.0,0.0,0.0,0.0,0.0,0.0,0.0,0.0,0.0,0.0,0.0,0.0,0.0,0.0,0.0,0.0,0.0,0.0,0.0,0.0,0.0,0.0,0.0,0.0,0.0,0.0,0.0,0.0,0.0,0.0,0.0,0.0,0.0,0.0,0.0,0.0,0.0,0.0,0.0,0.0,0.0,0.0,0.0,0.0,0.0,0.0,0.0,0.0,0.0,0.0,0.0,0.0,0.0,0.0,0.0,0.0,0.0,0.0,0.0,0.0,0.0,0.0,0.0,1.0,1.0,1.0,0.9999999999999999,0.9999999999999942,1.0,1.0,0.9999999999999999,1.0,0.9999999999999999,1.0,1.0,1.0,1.0,1.0,0.0,0.0,0.0,0.0,0.0,0.0,0.0,0.0,0.0,0.0,0.0,0.0,0.0,0.0,0.0,0.0,0.0,0.0,0.0,0.0,0.0
8,0.3813154559544259,0.616325978303728,0.9999999999999998,0.3459598192301121,0.5462124912366484,0.41870069317655967,0.5873224473322719,0.35559189461076834,0.6166823525640655,0.3563667393824921,0.9999999999999999,0.6331383703533645,0.9999999999999999,0.3853261362498402,0.9999999999999999,0.5915260576775999,0.36322615592713214,1.0000000000000002,0.5818520514628184,0.40219128760087186,0.6275958559761488,0.3761518503370754,0.5924751069761051,0.3706675501631687,0.6294110990273191,0.37240122243072454,0.9999999999999999,0.6195965186241843,1.0000000000000002,0.3888197989685104,1.0000000000000002,0.5976289007124003,0.3856944703875006,0.6102641677080709,0.4554486732722169,1.0000000000000002,0.6128788723329639,0.9999999999999998,0.35847101144696636,0.9999999999999998,0.603382421802539,0.3897629466717205,0.6169740184854311,0.9999999999999999,0.3552279223943145,0.6145566900419989,0.3888233136518814,0.7029889225959778,0.40578558507092344,0.6829274892807007,0.3982245918645006,0.6492248773574829,0.3611629345512343,0.6120093907549611,0.36635325611411046,0.9999999999999998,0.6284063771065618,0.0,0.0,1.0000000000026856,0.0,0.0,0.0,0.9999999999994809,0.0,0.0,0.0,0.9825579379137815,0.0,0.0,0.0,0.0,0.0,0.0,0.0,0.0,0.0,0.0,0.0,1.0000000000006115,0.0,0.0,0.0,0.0,0.0,0.9999999999999604,0.0,0.0,0.0,0.9999999999982497,0.0,0.0,0.0,1.0000000000003044,0.0,0.0,0.0,0.0,0.0,1.0000000000006377,0.0,0.0,0.0,0.0,0.0,0.0,0.0,0.0,0.7785292070179498,0.200000000000054,0.0,0.0,0.0,0.0,0.0,0.0,0.0,0.0,0.0,0.0,0.0,0.0,1.0,1.0,1.0,0.9999999999999999,0.22147079298205014,0.799999999999946,1.0,0.9999999999999999,1.0,0.9999999999999999,1.0,1.0,1.0,1.0,1.0,0.0,0.0,0.0,0.0,0.0,0.0,0.0,0.0,0.0,0.0,0.0,0.0,0.0,0.0,0.0,0.0,0.0,0.0,0.0,0.0,0.0
9,0.3483101999190802,0.7649513227231964,0.9999999999999998,0.3082933830946485,0.6864202326915252,0.3851100996525135,0.7324882443121497,0.31867116272374546,0.7636102119445066,0.32736200315773545,0.9999999999999999,0.7917206207765579,0.9999999999999999,0.3550385801528687,0.9999999999999999,0.7446408405641871,0.3303959133106407,1.0000000000000002,0.7311870416142578,0.3726954853982939,0.7916989978457601,0.3408268583757585,0.7378995929987993,0.3411303398089343,0.7900376749110406,0.3374426838538285,0.9999999999999999,0.779665591473157,1.0000000000000002,0.35457854972028063,1.0000000000000002,0.7508828470069482,0.35368843365505503,0.7683425165444784,0.42280874941144814,1.0000000000000002,0.7607986357135766,0.9999999999999998,0.3184165604023023,0.9999999999999998,0.7476205705592432,0.3553077508438045,0.7767547082790405,0.9999999999999999,0.3234880014720346,0.7661052674290021,0.3584571568644397,0.8981208205223083,0.376953565998481,0.8738322257995605,0.368276960569397,0.8328930139541626,0.32811616110775044,0.7608523096930018,0.3270130409364254,0.9999999999999998,0.7847817399021438,0.9999999999998999,0.0,1.0000000000026856,0.0,0.0,0.0,0.9999999999994809,0.0,0.0,0.0,1.000000000000222,0.0,0.0,0.0,0.0,0.0,0.0,0.0,0.0,0.0,0.0,0.0,1.0000000000006115,0.0,0.0,0.0,0.0,0.0,0.9999999999999604,0.0,0.0,0.0,0.9999999999982497,0.0,0.0,0.0,1.0000000000003044,0.0,0.0,0.0,0.6533479179600524,0.0,1.0000000000006377,0.0,0.0,0.0,0.0,0.0,0.0,0.0,0.0,1.0000000000002642,0.5254832438509186,0.0,0.0,0.0,0.0,0.0,0.0,0.0,0.0,0.0,0.0,0.0,0.0,1.0,1.0,1.0,0.9999999999999999,0.0,0.47451675614908145,1.0,0.9999999999999999,1.0,0.9999999999999999,1.0,1.0,1.0,1.0,1.0,0.0,0.0,0.0,0.0,0.0,0.0,0.0,0.0,0.0,0.0,0.0,0.0,0.0,0.0,0.0,0.0,0.0,0.0,0.0,0.0,0.0
10,0.43628983865488336,0.8045672343510691,0.9999999999999998,0.4221848890875068,0.7222503006587331,0.44125805092356735,0.7762025899395556,0.43637224251681794,0.8103011036738216,0.4106385122447136,0.9999999999999999,0.8321190612187273,0.9999999999999999,0.42437429891461204,0.9999999999999999,0.788260900294714,0.42356208609525525,1.0000000000000002,0.7778265715736314,0.41372754939996664,0.8313417079784359,0.4424344476026469,0.7798555490641855,0.42020992688739206,0.83498698551626,0.4349549901365659,0.9999999999999999,0.8179299417636564,1.0000000000000002,0.44029213745727347,1.0000000000000002,0.7900512166593215,0.4290488622702742,0.8067576170959626,0.43420204599469897,1.0000000000000002,0.800128042831843,0.9999999999999998,0.44959845127502945,0.9999999999999998,0.7810682735403797,0.4422325793901976,0.8159042130941216,0.9999999999999999,0.41738157170757445,0.8125076354167127,0.4320561650566807,0.9148544073104858,0.41684642428634394,0.8989340662956238,0.42810146565353013,0.8423641920089722,0.42920316630468985,0.808789657266372,0.44932676810066363,0.9999999999999998,0.8215799574587199,0.9999999999998999,0.0,1.0000000000026856,0.0,0.0,0.0,0.9999999999994809,0.0,0.0,0.0,1.000000000000222,0.0,0.0,0.0,0.0,0.0,0.0,0.0,0.0,0.0,0.0,0.0,1.0000000000006115,0.0,0.0,0.0,0.0,0.0,0.9999999999999604,0.0,0.0,0.0,0.9999999999982497,0.0,0.0,0.0,1.0000000000003044,0.0,0.0,0.0,0.0,0.0,1.0000000000006377,0.0,0.0,0.0,0.0,0.0,0.0,0.0,0.0,0.0,0.4480410078137136,0.0,0.0,0.0,0.0,0.0,0.0,0.0,0.0,0.0,0.0,0.0,0.0,1.0,1.0,1.0,0.9999999999999999,1.0,0.5519589921862865,1.0,0.9999999999999999,1.0,0.9999999999999999,1.0,1.0,1.0,1.0,1.0,0.0,0.0,0.0,0.0,0.0,0.0,0.0,0.0,0.0,0.0,0.0,0.0,0.0,0.0,0.0,0.0,0.0,0.0,0.0,0.0,0.0
11,0.2223049616047009,0.7083370586974647,0.9999999999999998,0.21833119311427548,0.6307437335671471,0.2218854149409688,0.6820693636601379,0.21436543550711057,0.7093381855580468,0.20585088818411268,0.9999999999999999,0.724456305486103,0.9999999999999999,0.20416624943234485,0.9999999999999999,0.6936188888221958,0.2073406722549818,1.0000000000000002,0.6879442052781629,0.20770445001568835,0.7237408794182901,0.21301386242705594,0.6945731424382424,0.19639691251702543,0.7251733078820745,0.23121631872809364,0.9999999999999999,0.7178410239754722,1.0000000000000002,0.217053837287155,1.0000000000000002,0.691601610646737,0.21103122893205536,0.7072273096871192,0.22412250031946057,1.0000000000000002,0.7005575060488085,0.9999999999999998,0.20826920752054737,0.9999999999999998,0.6871717626190741,0.21438606602446023,0.7089004238044799,0.9999999999999999,0.2028328772044553,0.714549638478395,0.2510786928394336,0.7853511571884155,0.23011985951522732,0.7525255680084229,0.24832993921467045,0.6916270852088928,0.21065843983548152,0.7096998424221069,0.21425915393968853,0.9999999999999998,0.7152819714872912,0.9999999999998999,0.9999999999993469,1.0000000000026856,0.9999999999983221,0.0,0.9999999999992977,0.9999999999994809,1.000000000000844,1.0,0.9999999999987991,1.000000000000222,1.000000000000332,0.8134634218946121,1.0000000000003946,0.9999999999981275,0.9999999999997241,0.0,0.9999999999996048,1.0000000000007612,0.9999999999985872,0.0,0.9999999999994772,1.0000000000006115,0.9999999999996484,0.9999999999992015,0.9999999999996015,1.0000000000017966,1.0000000000003193,0.9999999999999604,1.000000000001503,0.0,0.9999999999994243,0.9999999999982497,1.0000000000019154,0.0,1.0000000000011973,1.0000000000003044,0.9999999999997902,0.0,1.0000000000002895,1.000000000000368,1.0000000000021956,1.0000000000006377,0.9999999999973974,1.0000000000001588,0.0,1.0000000000001628,0.9999999999985183,0.0,0.0,0.0,0.0,0.20000000000005377,0.0,0.0,0.0,1.0,1.0000000000002025,0.9999999999982405,0.9999999999989999,1.0000000000000977,1.0000000000029774,1.0000000000002562,1.000000000000979,0.9999999999985074,0.0,0.0,0.0,0.9999999999999999,1.0000000000000036,0.7999999999999463,0.0,0.0,0.0,0.0,0.0,0.0,0.0,0.0,0.0,0.0,0.0,0.0,0.0,0.0,0.0,0.0,0.0,0.0,0.0,0.0,0.0,0.0,0.0,0.0,0.0,0.0,0.0,0.0,0.0,0.0
12,0.018591158824125265,0.7755258949857805,0.9999999999999998,0.02439622885977881,0.6818040306558342,0.026821005636460785,0.740868627782825,0.0066964667559901245,0.776179259489485,0.01729857608039553,0.9999999999999999,0.7832425011886619,0.9999999999999999,0.01704937323899015,0.9999999999999999,0.7364730825253992,0.011549797710646119,1.0000000000000002,0.7204513377909534,0.026476567443989414,0.7608956941798373,0.014695335975548935,0.7467191350133267,0.005189144940838964,0.7927464553964737,0.007339975850231631,0.9999999999999999,0.7654086151917089,1.0000000000000002,0.007443405588080878,1.0000000000000002,0.7474055617183967,0.013843106626719481,0.755463274184631,0.02642439070468187,1.0000000000000002,0.7743580751172202,0.9999999999999998,0.0007744325856482806,0.9999999999999998,0.7346258512460083,0.018707710277866694,0.7672001954976191,0.9999999999999999,0.008850963400650967,0.7709055795808263,0.0022101232284939855,0.7430670261383057,0.0007968700261992718,0.7232630848884583,0.0005162413830616655,0.6788830161094666,0.014594320258319167,0.7561034620799917,0.004578679549115429,0.9999999999999998,0.7788811907649167,0.9999999999998999,0.9999999999993469,1.0000000000026856,0.9999999999983221,0.0,0.9999999999992977,0.9999999999994809,1.000000000000844,1.0,0.9999999999987991,1.000000000000222,1.000000000000332,0.9417962711529234,1.0000000000003946,0.9999999999981275,0.9999999999997241,0.0,0.9999999999996048,1.0000000000007612,0.9999999999985872,0.0,0.9999999999994772,1.0000000000006115,0.9999999999996484,0.9999999999992015,0.9999999999996015,1.0000000000017966,1.0000000000003193,0.9999999999999604,1.0000000000015783,0.0,0.9999999999994243,0.9999999999982497,1.0000000000019154,0.0,1.0000000000011973,1.0000000000003044,0.9999999999997902,0.0,1.0000000000002895,1.000000000000368,1.0000000000021954,1.0000000000006377,0.9999999999973974,1.0000000000001588,0.0,1.0000000000001628,0.9999999999985183,0.0,0.0,0.0,0.0,0.23811750353270375,0.0,0.0,0.0,1.0,1.0000000000002025,0.9999999999982405,0.9999999999989999,1.0000000000000977,1.0000000000029774,1.0000000000002562,1.000000000000979,0.9999999999985074,0.0,0.0,0.0,0.9999999999999999,1.0,0.7618824964672963,0.0,0.0,0.0,0.0,0.0,0.0,0.0,0.0,0.0,0.0,0.0,0.0,0.0,0.0,0.0,0.0,0.0,0.0,0.0,0.0,0.0,0.0,0.0,0.0,0.0,0.0,0.0,0.0,0.0,0.0
13,0.019259687565375015,0.7028111147019843,0.9999999999999998,0.02451868599657901,0.631286065017614,0.027345585193152944,0.6773563024737271,0.006960856578340254,0.7113755400878901,0.017541209332616624,0.9999999999999999,0.7056163832058285,0.9999999999999999,0.01831455347491433,0.9999999999999999,0.6773382974261214,0.011659743598108783,1.0000000000000002,0.6518396500282385,0.026740846160655276,0.686312019460089,0.014909752049032226,0.6737100887062961,0.005531152888884437,0.7123383732143107,0.01587783781724528,0.9999999999999999,0.7033105500032495,1.0000000000000002,0.00907985862102609,1.0000000000000002,0.6895474490495849,0.015576170448359003,0.6790344986575729,0.026732135662995243,1.0000000000000002,0.6904472970378857,0.9999999999999998,0.0008159927492584065,0.9999999999999998,0.6737099048920744,0.019765613709896376,0.6961623008135398,0.9999999999999999,0.009109121955238357,0.6959923172728781,0.007829715531843025,0.6703792810440063,0.0008330785263626191,0.659596860408783,0.006717575324327886,0.6463509798049927,0.014734429105597472,0.6772514003962998,0.004949980415967751,0.9999999999999998,0.7035911431790114,0.9999999999998999,0.9999999999993469,1.0000000000026856,0.9999999999983221,0.0,0.9999999999992977,0.9999999999994809,1.000000000000844,1.0,0.9999999999987991,1.000000000000222,1.000000000000332,0.8442688210606052,1.0000000000003946,0.9999999999981275,0.9999999999997241,0.0,0.9999999999996048,1.0000000000007612,0.9999999999985872,0.0,0.9999999999994691,1.0000000000006115,0.9999999999996484,0.9999999999992015,0.9999999999996015,1.0000000000017966,1.0000000000003193,0.9999999999999604,1.0000000000015783,0.0,0.9999999999994243,0.9999999999982497,1.0000000000019154,0.0,1.0000000000011973,1.0000000000003044,0.9999999999997902,0.0,1.0000000000002895,1.000000000000368,1.0000000000021956,1.0000000000006377,0.9999999999973974,1.0000000000001588,0.0,1.0000000000001628,0.9999999999985183,0.0,0.0,0.0,0.0,0.635486492170046,0.0,0.0,0.0,1.0,1.0000000000002025,0.9999999999982405,0.9999999999989999,1.0000000000000977,1.0000000000029774,1.0000000000002562,1.000000000000979,0.9999999999985074,0.0,0.0,0.0,0.9999999999999999,1.0,0.364513507829954,0.0,0.0,0.0,0.0,0.0,0.0,0.0,0.0,0.0,0.0,0.0,0.0,0.0,0.0,0.0,0.0,0.0,0.0,0.0,0.0,0.0,0.0,0.0,0.0,0.0,0.0,0.0,0.0,0.0,0.0
14,0.3159404706178412,0.8131359968901609,0.9999999999999998,0.2719021159058359,0.726618122994546,0.30991182933981964,0.7685222194366649,0.30109565613272815,0.8132378602009767,0.3115673846571697,0.9999999999999999,0.815092824210673,0.9999999999999999,0.30401390815462714,0.9999999999999999,0.7820784007647557,0.3113524203879351,1.0000000000000002,0.7685390000684111,0.3055425224941187,0.8036882513883413,0.31082769782016645,0.7802285695400059,0.30866324421574287,0.817998614232583,0.31523923871212933,0.9999999999999999,0.8132154453583824,1.0000000000000002,0.3111289341187419,1.0000000000000002,0.788954369200767,0.3114297001329693,0.7886645117611593,0.3052300578656509,1.0000000000000002,0.8005296561666154,0.9999999999999998,0.3037375199620003,0.9999999999999998,0.7860949131889174,0.30409045955069836,0.7983220718944178,0.9999999999999999,0.3039809057692647,0.8062837964045716,0.3375024958522241,0.8509751558303833,0.32251722400219196,0.8279309868812561,0.3336050088222308,0.795416533946991,0.3142059993607188,0.7951317584489268,0.30061725146782625,0.9999999999999998,0.8119457856194011,0.9999999999998999,0.9999999999993469,1.0000000000026856,0.9999999999983243,0.0,0.9999999999992977,0.9999999999994809,1.000000000000844,1.0,0.9999999999987991,1.000000000000222,1.000000000000332,0.9167499034169585,1.0000000000003946,0.9999999999981275,0.9999999999997241,0.0,0.9999999999996048,1.0000000000007612,0.9999999999985872,0.0,0.9999999999994772,1.0000000000006115,0.9999999999996484,0.9999999999992015,0.9999999999996015,1.0000000000017966,1.0000000000003193,0.9999999999999604,1.0000000000015783,0.0,0.9999999999994243,0.9999999999982497,1.0000000000019154,0.0,1.0000000000011973,1.0000000000003044,0.9999999999997902,0.0,1.0000000000002895,1.000000000000368,1.0000000000021956,1.0000000000006377,0.9999999999973974,1.0000000000001588,0.0,1.0000000000001628,0.9999999999985183,0.0,0.0,0.0,0.0,0.46579900718134204,0.0,0.0,0.0,1.0,1.0000000000002025,0.9999999999982405,0.9999999999989999,1.0000000000000977,1.0000000000029774,1.0000000000002562,1.000000000000979,0.9999999999985074,0.0,0.0,0.0,0.9999999999999999,1.0,0.534200992818658,0.0,0.0,0.0,0.0,0.0,0.0,0.0,0.0,0.0,0.0,0.0,0.0,0.0,0.0,0.0,0.0,0.0,0.0,0.0,0.0,0.0,0.0,0.0,0.0,0.0,0.0,0.0,0.0,0.0,0.0
15,0.4452482616748346,0.8405390885793087,0.9999999999999998,0.43041913051697983,0.7533505363146008,0.4496001580393439,0.7938100796043683,0.4442897906299984,0.8447040137990074,0.41867643589929215,0.9999999999999999,0.8506383158742293,0.9999999999999999,0.4323058954428571,0.9999999999999999,0.809510926568617,0.4316437197607255,1.0000000000000002,0.7935924179397705,0.4212520540093573,0.8408187097048557,0.45008381055836655,0.8066831656474415,0.42811418186969785,0.850560341239707,0.446468731921463,0.9999999999999999,0.8472958004675998,1.0000000000000002,0.44971290064536634,1.0000000000000002,0.819819672662252,0.4373733643353204,0.8196875106254193,0.443210487200528,1.0000000000000002,0.8371562778381326,0.9999999999999998,0.4571790871038552,0.9999999999999998,0.8180996767813105,0.45013283385691555,0.8330452805429642,0.9999999999999999,0.4252382801767679,0.8341813749117335,0.4481492970895681,0.8868545889854431,0.43079598044455786,0.8712273240089417,0.4442630610869318,0.8132131695747375,0.4368848656001449,0.8262001712245386,0.45696488823830944,0.9999999999999998,0.8435593598078667,0.0,0.0,0.12282983629171822,0.0,0.0,0.0,0.9999999999994809,0.0,0.0,0.0,0.0,0.0,0.0,0.0,0.0,0.0,0.0,0.0,0.0,0.0,0.0,0.0,0.0,0.0,0.0,0.0,0.0,0.0,0.0,0.0,0.0,0.0,0.0,0.0,0.0,0.0,1.0000000000003044,0.0,0.0,0.0,0.0,0.0,1.0000000000006377,0.0,0.0,0.0,0.0,0.0,0.0,0.0,0.0,0.0,0.0,0.0,0.0,0.0,0.0,0.0,0.0,0.0,0.0,0.0,0.0,0.0,0.0,1.0,1.0,1.0,0.9999999999999999,1.0,1.0,1.0,0.9999999999999999,1.0,0.9999999999999999,1.0,1.0,1.0,1.0,1.0,0.0,0.0,0.0,0.0,0.0,0.0,0.0,0.0,0.0,0.0,0.0,0.0,0.0,0.0,0.0,0.0,0.0,0.0,0.0,0.0,0.0
16,0.018591158824125265,0.7410968729824605,0.9999999999999998,0.02439622885977881,0.6577164831341303,0.026821005636460785,0.7036781885136323,0.0066964667559901245,0.745721275112205,0.01729857608039553,0.9999999999999999,0.7436257486030735,0.9999999999999999,0.01704937323899015,0.9999999999999999,0.6995138713076752,0.011549797710646119,1.0000000000000002,0.6778804210030842,0.026476567443989414,0.720629507461904,0.014695335975548935,0.709430837341473,0.005189144940838964,0.7417321073292175,0.016080448250530344,0.9999999999999999,0.7466357909533566,1.0000000000000002,0.008385461568652363,1.0000000000000002,0.7210246814391909,0.013843106626719481,0.714745721306345,0.02642439070468187,1.0000000000000002,0.7441677874552589,0.9999999999999998,0.0007744325856482806,0.9999999999999998,0.7180001720538361,0.018707710277866694,0.7343955536261786,0.9999999999999999,0.008850963400650967,0.7300258953585487,0.0022101232284939855,0.7534743547439575,0.0007968700261992718,0.7266768217086792,0.0005162413830616655,0.7347339391708374,0.014594320258319167,0.7119586173381816,0.004578679549115429,0.9999999999999998,0.744623110708139,0.9999999999998999,0.0,1.0000000000026856,0.0,0.0,0.0,0.9999999999994809,0.0,0.0,0.0,1.000000000000222,0.0,0.0,0.0,0.16237021030317383,0.0,0.0,0.0,0.0,0.0,0.0,0.0,1.0000000000006115,0.0,0.0,0.0,1.0000000000017966,0.0,0.9999999999999604,0.0,0.0,0.0,0.9999999999982497,0.0,0.0,0.0,1.0000000000003044,0.0,0.0,0.0,1.000000000000368,0.0,1.0000000000006377,0.0,0.0,0.0,0.0,0.0,0.0,0.0,0.0,0.0,0.0,0.0,0.0,0.0,0.0,0.0,0.0,0.0,0.0,0.0,0.0,0.0,0.0,1.0,1.0,1.0,0.9999999999999999,1.0,1.0,1.0,0.9999999999999999,1.0,0.9999999999999999,1.0,1.0,1.0,1.0,1.0,0.0,0.0,0.0,0.0,0.0,0.0,0.0,0.0,0.0,0.0,0.0,0.0,0.0,0.0,0.0,0.0,0.0,0.0,0.0,0.0,0.0
17,0.018591158824125265,0.7213547842705188,0.9999999999999998,0.02439622885977881,0.6435002585116011,0.026821005636460785,0.6838231370029272,0.0066964667559901245,0.7251649921137698,0.01729857608039553,0.9999999999999999,0.7302411249737178,0.9999999999999999,0.01704937323899015,0.9999999999999999,0.6874568117822841,0.011549797710646119,1.0000000000000002,0.6781537988695355,0.026476567443989414,0.714059913597378,0.014695335975548935,0.7007762250608286,0.005189144940838964,0.7275642171699671,0.007339975850231631,0.9999999999999999,0.722186086386281,1.0000000000000002,0.007443405588080878,1.0000000000000002,0.7011049020050533,0.013843106626719481,0.7067513766852916,0.02642439070468187,1.0000000000000002,0.7184690196555195,0.9999999999999998,0.0007744325856482806,0.9999999999999998,0.7001222807016618,0.018707710277866694,0.7184583093612997,0.9999999999999999,0.008850963400650967,0.7170671669227473,0.0022101232284939855,0.7502508163452148,0.0007968700261992718,0.7059913873672485,0.0005162413830616655,0.7135419845581055,0.014594320258319167,0.7083330083354423,0.004578679549115429,0.9999999999999998,0.7245502171297467,0.0,0.0,0.0,0.0,0.0,0.0,0.0,0.0,0.0,0.0,0.0,0.0,0.0,0.0,0.0,0.0,0.0,0.0,0.0,0.0,0.0,0.0,0.0,0.0,0.0,0.0,0.0,0.0,0.0,0.0,0.0,0.0,0.0,0.0,0.0,0.0,0.0,0.0,0.0,0.0,0.0,0.0,0.0,0.0,0.0,0.0,0.0,0.0,0.0,0.0,0.0,0.0,0.0,0.0,0.0,0.0,0.0,0.0,0.0,0.0,0.0,0.0,0.0,0.0,0.0,1.0,1.0,1.0,0.9999999999999999,1.0,1.0,1.0,0.9999999999999999,1.0,0.9999999999999999,1.0,1.0,1.0,1.0,1.0,0.0,0.0,0.0,0.0,0.0,0.0,0.0,0.0,0.0,0.0,0.0,0.0,0.0,0.0,0.0,0.0,0.0,0.0,0.0,0.0,0.0
18,0.07334511737275447,0.6811172812577085,0.9999999999999998,0.04747879349470077,0.6221061740858507,0.0753247881980515,0.654215200088109,0.050913631028904165,0.6823816434325212,0.08290258715531593,0.9999999999999999,0.687072329394584,0.9999999999999999,0.07645000498536997,0.9999999999999999,0.6574403781905864,0.07617590869908437,1.0000000000000002,0.6280523291794184,0.08621862640011481,0.6747683141616543,0.06641173478766564,0.6506135283400384,0.0747797879705154,0.6836251030296371,0.06595191646947199,0.9999999999999999,0.6885196627982667,1.0000000000000002,0.06263652933717641,1.0000000000000002,0.6730873715099741,0.07285778493506972,0.6626450911884711,0.07515708982032183,1.0000000000000002,0.6790390684028397,0.9999999999999998,0.04400371720076076,0.9999999999999998,0.6706842382611696,0.0681986670321237,0.6766031534165255,0.9999999999999999,0.0692314105961923,0.6709151449044211,0.07912703338920911,0.7179672718048096,0.07731503275508511,0.7188228964805603,0.07708075430406257,0.6522582769393921,0.07351413275371205,0.6619436451187779,0.04649162659991058,0.9999999999999998,0.6838722582672039,0.0,0.0,0.0,0.0,0.0,0.0,0.0,0.0,0.0,0.0,0.0,0.0,0.0,0.0,0.0,0.0,0.0,0.0,0.0,0.0,0.0,0.0,0.0,0.0,0.0,0.0,0.0,0.0,0.0,0.0,0.0,0.0,0.0,0.0,0.0,0.0,0.0,0.0,0.0,0.0,0.0,0.0,0.0,0.0,0.0,0.0,0.0,0.0,0.0,0.0,0.0,0.0,0.0,0.0,0.0,0.0,0.0,0.0,0.0,0.0,0.0,0.0,0.0,0.0,0.0,1.0,1.0,1.0,0.9999999999999999,1.0,1.0,1.0,0.9999999999999999,1.0,0.9999999999999999,1.0,1.0,1.0,1.0,1.0,0.0,0.0,0.0,0.0,0.0,0.0,0.0,0.0,0.0,0.0,0.0,0.0,0.0,0.0,0.0,0.0,0.0,0.0,0.0,0.0,0.0
19,0.3777859512279813,0.8247656655147507,0.9999999999999998,0.3489400291551485,0.7487699406494006,0.38260481180236505,0.7938716887296,0.3656123700647375,0.8301033532472176,0.3589382346968317,0.9999999999999999,0.8352066140931554,0.9999999999999999,0.3701417508847992,0.9999999999999999,0.7980688938483035,0.3642842233433176,1.0000000000000002,0.7675436267381079,0.36217895679481543,0.8161700782991047,0.3798319707388171,0.7850681852852969,0.36738690119165035,0.8384171725933863,0.3742463999493512,0.9999999999999999,0.82556833920856,1.0000000000000002,0.38022101722086526,1.0000000000000002,0.8111432605261499,0.3717164394576087,0.8028116204676888,0.3760164399563466,1.0000000000000002,0.8187958451115274,0.9999999999999998,0.37489652117925015,0.9999999999999998,0.795907018558953,0.38212250478014664,0.8169261291071306,0.9999999999999999,0.3592918698338477,0.8150053524538752,0.3814499107697013,0.8227438926696777,0.368343926811685,0.8116725087165833,0.3781061211925533,0.7532817721366882,0.36916141421085336,0.8039248112993785,0.3754754427153621,0.9999999999999998,0.8301610567839239,0.0,0.0,0.0,0.0,0.0,0.0,0.0,0.0,0.0,0.0,0.0,0.0,0.0,0.0,0.0,0.0,0.0,0.0,0.0,0.0,0.0,0.0,0.0,0.0,0.0,0.0,0.0,0.0,0.0,0.0,0.0,0.0,0.0,0.0,0.0,0.0,0.0,0.0,0.0,0.0,0.0,0.0,0.0,0.0,0.0,0.0,0.0,0.0,0.0,0.0,0.0,0.0,0.0,0.0,0.0,0.0,0.0,0.0,0.0,0.0,0.0,0.0,0.0,0.0,0.0,1.0,1.0,1.0,0.9999999999999999,1.0,1.0,1.0,0.9999999999999999,1.0,0.9999999999999999,1.0,1.0,1.0,1.0,1.0,0.0,0.0,0.0,0.0,0.0,0.0,0.0,0.0,0.0,0.0,0.0,0.0,0.0,0.0,0.0,0.0,0.0,0.0,0.0,0.0,0.0
20,0.4450076370805594,0.8421656004249956,0.9999999999999998,0.43088771115912916,0.757854244646239,0.44882543893313104,0.8053881711842418,0.4434282922133014,0.8476166966074091,0.4188741034113394,0.9999999999999999,0.8579968292875646,0.9999999999999999,0.4326854220672145,0.9999999999999999,0.8186931529999791,0.43217716799980177,1.0000000000000002,0.7950965869511982,0.42092802923810696,0.8451574842402205,0.4491244898373479,0.8074150014336215,0.4283047580693554,0.8598029216571229,0.44755174649646773,0.9999999999999999,0.8458797507131022,1.0000000000000002,0.4495546069424302,1.0000000000000002,0.8267777000267204,0.4371901624970225,0.8260131828615837,0.44301944124040327,1.0000000000000002,0.8385446761087874,0.9999999999999998,0.4568845944907061,0.9999999999999998,0.8118079127752011,0.4489065778073902,0.8381312190112802,0.9999999999999999,0.4250330219467672,0.8383115664131205,0.4515940913351112,0.8644731044769287,0.4336593506112429,0.8515809774398804,0.44778052557109865,0.7840996980667114,0.43619794212990654,0.8298147875569496,0.45543057660374336,0.9999999999999998,0.8507019189474797,0.0,0.0,0.0,0.0,0.0,0.0,0.0,0.0,0.0,0.0,0.0,0.0,0.0,0.0,0.0,0.0,0.0,0.0,0.0,0.0,0.0,0.0,0.0,0.0,0.0,0.0,0.0,0.0,0.0,0.0,0.0,0.0,0.0,0.0,0.0,0.0,0.0,0.0,0.0,0.0,0.0,0.0,0.0,0.0,0.0,0.0,0.0,0.0,0.0,0.0,0.0,0.0,0.0,0.0,0.0,0.0,0.0,0.0,0.0,0.0,0.0,0.0,0.0,0.0,0.0,1.0,1.0,1.0,0.9999999999999999,1.0,1.0,1.0,0.9999999999999999,1.0,0.9999999999999999,1.0,1.0,1.0,1.0,1.0,0.0,0.0,0.0,0.0,0.0,0.0,0.0,0.0,0.0,0.0,0.0,0.0,0.0,0.0,0.0,0.0,0.0,0.0,0.0,0.0,0.0
21,0.018591158824125265,0.7805598637780125,0.9999999999999998,0.02439622885977881,0.704345633237101,0.026821005636460785,0.7418223788636443,0.0066964667559901245,0.7843773768469032,0.01729857608039553,0.9999999999999999,0.7801845309138057,0.9999999999999999,0.01704937323899015,0.9999999999999999,0.7498244962450074,0.011549797710646119,1.0000000000000002,0.742044565277608,0.026476567443989414,0.7639036892864843,0.014695335975548935,0.7510648282082418,0.005189144940838964,0.779387553303594,0.007339975850231631,0.9999999999999999,0.7777987219809183,1.0000000000000002,0.007443405588080878,1.0000000000000002,0.7568683636092413,0.013843106626719481,0.7573009612841121,0.02642439070468187,1.0000000000000002,0.7738200496006014,0.9999999999999998,0.0007744325856482806,0.9999999999999998,0.7512295171198471,0.018707710277866694,0.7591612754736724,0.9999999999999999,0.008850963400650967,0.7762342305887798,0.0022101232284939855,0.7712603807449341,0.0007968700261992718,0.7645599246025085,0.0005162413830616655,0.729620099067688,0.014594320258319167,0.7715096589702326,0.004578679549115429,0.9999999999999998,0.7746340761752823,0.0,0.0,0.0,0.0,0.0,0.0,0.0,0.0,0.0,0.0,0.0,0.0,0.0,0.0,0.0,0.0,0.0,0.0,0.0,0.0,0.0,0.0,0.0,0.0,0.0,0.0,0.0,0.0,0.0,0.0,0.0,0.0,0.0,0.0,0.0,0.0,0.0,0.0,0.0,0.0,0.0,0.0,0.0,0.0,0.0,0.0,0.0,0.0,0.0,0.0,0.0,0.0,0.0,0.0,0.0,0.0,0.0,0.0,0.0,0.0,0.0,0.0,0.0,0.0,0.0,1.0,1.0,1.0,0.9999999999999999,1.0,1.0,1.0,0.9999999999999999,1.0,0.9999999999999999,1.0,1.0,1.0,1.0,1.0,0.0,0.0,0.0,0.0,0.0,0.0,0.0,0.0,0.0,0.0,0.0,0.0,0.0,0.0,0.0,0.0,0.0,0.0,0.0,0.0,0.0
22,0.018591158824125265,0.7091041946178349,0.9999999999999998,0.02439622885977881,0.6361579694094716,0.026821005636460785,0.6793531640742813,0.0066964667559901245,0.719417799702349,0.01729857608039553,0.9999999999999999,0.7195724270493188,0.9999999999999999,0.01704937323899015,0.9999999999999999,0.6890555514748177,0.011549797710646119,1.0000000000000002,0.669757972062077,0.026476567443989414,0.6995818768737462,0.014695335975548935,0.6832093860168874,0.005189144940838964,0.7300241226988955,0.014278781697596492,0.9999999999999999,0.7063796837715515,1.0000000000000002,0.008180923985785392,1.0000000000000002,0.6884527644140339,0.014098955975467302,0.6901027176842199,0.02642439070468187,1.0000000000000002,0.6992228689386787,0.9999999999999998,0.0007744325856482806,0.9999999999999998,0.6688505451573641,0.018707710277866694,0.7042542841995527,0.9999999999999999,0.008850963400650967,0.7127240912898853,0.0022101232284939855,0.6851807832717896,0.0007968700261992718,0.6567863821983337,0.0005162413830616655,0.6290566921234131,0.014594320258319167,0.6977872623485445,0.004578679549115429,0.9999999999999998,0.7088301372819323,0.0,0.0,0.0,0.0,0.0,0.0,0.0,0.0,0.0,0.0,0.0,0.0,0.0,0.0,0.0,0.0,0.0,0.0,0.0,0.0,0.0,0.0,0.0,0.0,0.0,0.0,0.0,0.0,0.0,0.0,0.0,0.0,0.0,0.0,0.0,0.0,0.0,0.0,0.0,0.0,0.0,0.0,0.0,0.0,0.0,0.0,0.0,0.0,0.0,0.0,0.0,0.0,0.0,0.0,0.0,0.0,0.0,0.0,0.0,0.0,0.0,0.0,0.0,0.0,0.0,1.0,1.0,1.0,0.9999999999999999,1.0,1.0,1.0,0.9999999999999999,1.0,0.9999999999999999,1.0,1.0,1.0,1.0,1.0,0.0,0.0,0.0,0.0,0.0,0.0,0.0,0.0,0.0,0.0,0.0,0.0,0.0,0.0,0.0,0.0,0.0,0.0,0.0,0.0,0.0
23,0.1588340677007644,0.7138163478739661,0.9999999999999998,0.10909654355839761,0.658710789076625,0.15497355522748055,0.687790868100251,0.1391418084862434,0.7072818760881325,0.16720289628726875,0.9999999999999999,0.7125355394597411,0.9999999999999999,0.15448129580610392,0.9999999999999999,0.6807909587774139,0.15725926617057176,1.0000000000000002,0.6550685749737573,0.16659997511713673,0.6867751312413667,0.15083336035087913,0.6814633359240647,0.16195299527186935,0.7171357815029289,0.14772054631031148,0.9999999999999999,0.702655911978287,1.0000000000000002,0.14750278858951407,1.0000000000000002,0.6949391983944921,0.15803210014666888,0.6844061174396417,0.1546186671343655,1.0000000000000002,0.700785411942048,0.9999999999999998,0.12236603659498989,0.9999999999999998,0.6795036456626707,0.15107407033838444,0.7020915287209689,0.9999999999999999,0.15466665426435805,0.7038926510988675,0.16184799155427446,0.6836376786231995,0.1588329374697873,0.6762650012969971,0.15904631398251567,0.6995675563812256,0.16071381213035776,0.6907096153770733,0.13549046221215233,0.9999999999999998,0.7109788663674655,0.0,0.0,0.0,0.0,0.0,0.0,0.0,0.0,0.0,0.0,0.0,0.0,0.0,0.0,0.0,0.0,0.0,0.0,0.0,0.0,0.0,0.0,0.0,0.0,0.0,0.0,0.0,0.0,0.0,0.0,0.0,0.0,0.0,0.0,0.0,0.0,0.0,0.0,0.0,0.0,0.0,0.0,0.0,0.0,0.0,0.0,0.0,0.0,0.0,0.0,0.0,0.0,0.0,0.0,0.0,0.0,0.0,0.0,0.0,0.0,0.0,0.0,0.0,0.0,0.0,1.0,1.0,1.0,0.9999999999999999,1.0,1.0,1.0,0.9999999999999999,1.0,0.9999999999999999,1.0,1.0,1.0,1.0,1.0,0.0,0.0,0.0,0.0,0.0,0.0,0.0,0.0,0.0,0.0,0.0,0.0,0.0,0.0,0.0,0.0,0.0,0.0,0.0,0.0,0.0
24,0.409814278607499,0.8281505520860855,0.9999999999999998,0.3890920942785359,0.7500129679183195,0.41441311411327947,0.7934848565049909,0.40363293667096206,0.8279433363013093,0.38743153050615203,0.9999999999999999,0.8370507071386963,0.9999999999999999,0.40006892949412587,0.9999999999999999,0.793860092149904,0.39707676369009876,1.0000000000000002,0.7754338276286171,0.3903446432742587,0.8186124917667316,0.4135771056530148,0.7905116151634183,0.39645149905967897,0.8408213896315928,0.40857537860610066,0.9999999999999999,0.8278987873031156,1.0000000000000002,0.4132103369579252,1.0000000000000002,0.8083872681349883,0.40305951969338105,0.8064374278814074,0.40794807030502916,1.0000000000000002,0.8158906973253114,0.9999999999999998,0.4153124455276189,0.9999999999999998,0.7911633981726581,0.4144529483469791,0.8228672670977231,0.9999999999999999,0.3909630938604762,0.8200370375008017,0.4120964119885564,0.8483325839042664,0.3973119356000227,0.8421081900596619,0.4084642914614097,0.8199374675750732,0.40160670342734084,0.8086815720754351,0.4148495724787514,0.9999999999999998,0.8316885762478794,0.0,0.0,0.0,0.0,0.0,0.0,0.0,0.0,0.0,0.0,0.0,0.0,0.0,0.0,0.0,0.0,0.0,0.0,0.0,0.0,0.0,0.0,0.0,0.0,0.0,0.0,0.0,0.0,0.0,0.0,0.0,0.0,0.0,0.0,0.0,0.0,0.0,0.0,0.0,0.0,0.0,0.0,0.0,0.0,0.0,0.0,0.0,0.0,0.0,0.0,0.0,0.0,0.0,0.0,0.0,0.0,0.0,0.0,0.0,0.0,0.0,0.0,0.0,0.0,0.0,1.0,1.0,1.0,0.9999999999999999,1.0,1.0,1.0,0.9999999999999999,1.0,0.9999999999999999,1.0,1.0,1.0,1.0,1.0,0.0,0.0,0.0,0.0,0.0,0.0,0.0,0.0,0.0,0.0,0.0,0.0,0.0,0.0,0.0,0.0,0.0,0.0,0.0,0.0,0.0
25,0.4305624864094429,0.8051988938061934,0.9999999999999998,0.419749031964927,0.7231216386012969,0.43468717095976933,0.7729947045129673,0.4304020380672164,0.8061616290009251,0.40544110580011705,0.9999999999999999,0.8185824022993089,0.9999999999999999,0.41964100404207966,0.9999999999999999,0.7762885919310069,0.4189919600534521,1.0000000000000002,0.7630990882855443,0.40786820725315703,0.8032151748105725,0.43536225576021426,0.7725148975168953,0.41476623935484075,0.8261791967705095,0.43153963207095125,0.9999999999999999,0.8006372345998205,1.0000000000000002,0.43452339439747467,1.0000000000000002,0.7845968082649445,0.42329912996251695,0.7885935400893832,0.4290808040619942,1.0000000000000002,0.7934858514469849,0.9999999999999998,0.44383397713762,0.9999999999999998,0.7647490526617327,0.4348740494746655,0.8021742753966913,0.9999999999999999,0.4117868381350342,0.8030119921877368,0.4320649535055919,0.8044671416282654,0.4159623401098095,0.8051597476005554,0.4282912729644081,0.8090715408325195,0.4225819896934141,0.7943141301133956,0.44203515362926865,0.9999999999999998,0.8111549798094719,0.0,0.0,0.0,0.0,0.0,0.0,0.0,0.0,0.0,0.0,0.0,0.0,0.0,0.0,0.0,0.0,0.0,0.0,0.0,0.0,0.0,0.0,0.0,0.0,0.0,0.0,0.0,0.0,0.0,0.0,0.0,0.0,0.0,0.0,0.0,0.0,0.0,0.0,0.0,0.0,0.0,0.0,0.0,0.0,0.0,0.0,0.0,0.0,0.0,0.0,0.0,0.0,0.0,0.0,0.0,0.0,0.0,0.0,0.0,0.0,0.0,0.0,0.0,0.0,0.0,1.0,1.0,1.0,0.9999999999999999,1.0,1.0,1.0,0.9999999999999999,1.0,0.9999999999999999,1.0,1.0,1.0,1.0,1.0,0.0,0.0,0.0,0.0,0.0,0.0,0.0,0.0,0.0,0.0,0.0,0.0,0.0,0.0,0.0,0.0,0.0,0.0,0.0,0.0,0.0
26,0.018591158824125265,0.764232741760424,0.9999999999999998,0.02439622885977881,0.668576767611836,0.026821005636460785,0.7236082386568495,0.0066964667559901245,0.7673591150549357,0.01729857608039553,0.9999999999999999,0.778529296081515,0.9999999999999999,0.01704937323899015,0.9999999999999999,0.7345798460776575,0.011549797710646119,1.0000000000000002,0.7394639442688427,0.026476567443989414,0.7747172680658319,0.014695335975548935,0.7421541470978589,0.005189144940838964,0.7805450493414423,0.007339975850231631,0.9999999999999999,0.7580289161435101,1.0000000000000002,0.007443405588080878,1.0000000000000002,0.7361769822413479,0.013843106626719481,0.7574526118092868,0.02642439070468187,1.0000000000000002,0.7655043729809391,0.9999999999999998,0.0007744325856482806,0.9999999999999998,0.7362558032807313,0.018707710277866694,0.7579638162088437,0.9999999999999999,0.008850963400650967,0.7683507818820648,0.0022101232284939855,0.7813316583633423,0.0007968700261992718,0.7915537357330322,0.0005162413830616655,0.6788875460624695,0.014594320258319167,0.7665817195590194,0.004578679549115429,0.9999999999999998,0.7691159305346275,0.0,0.0,0.0,0.0,0.0,0.0,0.0,0.0,0.0,0.0,0.0,0.0,0.0,0.0,0.0,0.0,0.0,0.0,0.0,0.0,0.0,0.0,0.0,0.0,0.0,0.0,0.0,0.0,0.0,0.0,0.0,0.0,0.0,0.0,0.0,0.0,0.0,0.0,0.0,0.0,0.0,0.0,0.0,0.0,0.0,0.0,0.0,0.0,0.0,0.0,0.0,0.0,0.0,0.0,0.0,0.0,0.0,0.0,0.0,0.0,0.0,0.0,0.0,0.0,0.0,1.0,1.0,1.0,0.9999999999999999,1.0,1.0,1.0,0.9999999999999999,1.0,0.9999999999999999,1.0,1.0,1.0,1.0,1.0,0.0,0.0,0.0,0.0,0.0,0.0,0.0,0.0,0.0,0.0,0.0,0.0,0.0,0.0,0.0,0.0,0.0,0.0,0.0,0.0,0.0
27,0.018591158824125265,0.6979195714372087,0.9999999999999998,0.02439622885977881,0.6175050203440735,0.026821005636460785,0.6688359537808986,0.0066964667559901245,0.7153157627640464,0.01729857608039553,0.9999999999999999,0.7093660446387372,0.9999999999999999,0.01704937323899015,0.9999999999999999,0.6777502151196308,0.011549797710646119,1.0000000000000002,0.6707514195911751,0.026476567443989414,0.7035640240428928,0.014695335975548935,0.6776701381230731,0.005189144940838964,0.7153648994270602,0.011015290266575911,0.9999999999999999,0.6981495589493459,1.0000000000000002,0.007878715139000942,1.0000000000000002,0.6772385524545553,0.013843106626719481,0.683182657047727,0.02642439070468187,1.0000000000000002,0.6883298035305341,0.9999999999999998,0.0007744325856482806,0.9999999999999998,0.6681164549270603,0.018707710277866694,0.6930479420937435,0.9999999999999999,0.008850963400650967,0.7065479913667935,0.0022101232284939855,0.7232025861740112,0.0007968700261992718,0.7043207883834839,0.0005162413830616655,0.6156786680221558,0.014594320258319167,0.7010400260870756,0.004578679549115429,0.9999999999999998,0.705051115635287,0.0,0.0,0.0,0.0,0.0,0.0,0.0,0.0,0.0,0.0,0.0,0.0,0.0,0.0,0.0,0.0,0.0,0.0,0.0,0.0,0.0,0.0,0.0,0.0,0.0,0.0,0.0,0.0,0.0,0.0,0.0,0.0,0.0,0.0,0.0,0.0,0.0,0.0,0.0,0.0,0.0,0.0,0.0,0.0,0.0,0.0,0.0,0.0,0.0,0.0,0.0,0.0,0.0,0.0,0.0,0.0,0.0,0.0,0.0,0.0,0.0,0.0,0.0,0.0,0.0,1.0,1.0,1.0,0.9999999999999999,1.0,1.0,1.0,0.9999999999999999,1.0,0.9999999999999999,1.0,1.0,1.0,1.0,1.0,0.0,0.0,0.0,0.0,0.0,0.0,0.0,0.0,0.0,0.0,0.0,0.0,0.0,0.0,0.0,0.0,0.0,0.0,0.0,0.0,0.0
28,0.2317930109646703,0.7417033898623482,0.9999999999999998,0.17358576362904457,0.6804707973754917,0.22572357473009577,0.72206959399403,0.2094775978977717,0.7529718253997092,0.23570839147193665,0.9999999999999999,0.7470603959155149,0.9999999999999999,0.22308595090469202,0.9999999999999999,0.7260995915220725,0.22662810364147848,1.0000000000000002,0.6964784449813142,0.23186498492848656,0.734633506800144,0.22250467114874448,0.715253672167478,0.23152853106776636,0.7488327817690753,0.22548620889741394,0.9999999999999999,0.7533515330438875,1.0000000000000002,0.22310977079624575,1.0000000000000002,0.7399453715468447,0.22912243157484993,0.7214169377382004,0.22375548259263103,1.0000000000000002,0.7358700093199877,0.9999999999999998,0.19776796360037638,0.9999999999999998,0.7276969682614645,0.2208295716345802,0.7383177323028592,0.9999999999999999,0.22327824634246757,0.7382298976220705,0.25032967668967837,0.7852943539619446,0.24074981358629277,0.7665889263153076,0.24715889778842307,0.6644623279571533,0.23093294921129243,0.7256822775993285,0.2064022352789233,0.9999999999999998,0.749413586267949,0.0,0.0,0.0,0.0,0.0,0.0,0.0,0.0,0.0,0.0,0.0,0.0,0.0,0.0,0.0,0.0,0.0,0.0,0.0,0.0,0.0,0.0,0.0,0.0,0.0,0.0,0.0,0.0,0.0,0.0,0.0,0.0,0.0,0.0,0.0,0.0,0.0,0.0,0.0,0.0,0.0,0.0,0.0,0.0,0.0,0.0,0.0,0.0,0.0,0.0,0.0,0.0,0.38119875162499417,0.0,0.0,0.0,0.0,0.0,0.0,0.0,0.0,0.0,0.0,0.0,0.0,1.0,1.0,1.0,0.9999999999999999,1.0,0.6188012483750058,1.0,0.9999999999999999,1.0,0.9999999999999999,1.0,1.0,1.0,1.0,1.0,0.0,0.0,0.0,0.0,0.0,0.0,0.0,0.0,0.0,0.0,0.0,0.0,0.0,0.0,0.0,0.0,0.0,0.0,0.0,0.0,0.0
29,0.4275011923079664,0.8281075807102715,0.9999999999999998,0.4121755880399795,0.7471664462654029,0.4324724528623727,0.78950661759413,0.42629696376364307,0.8345845965869613,0.4029524190597943,0.9999999999999999,0.8484738480379553,0.9999999999999999,0.4164949987728021,0.9999999999999999,0.8081043958582185,0.415209568209383,1.0000000000000002,0.7911708582614073,0.40608904212814667,0.8507844633626758,0.4333593427090736,0.7993024822515788,0.4124410937105353,0.8430851573590178,0.4257205799784257,0.9999999999999999,0.84695204876317,1.0000000000000002,0.43123960142428575,1.0000000000000002,0.8198293165539872,0.42056181152756256,0.823363273172634,0.42547171753219104,1.0000000000000002,0.8273601931899964,0.9999999999999998,0.43937205799282486,0.9999999999999998,0.8192246012646778,0.43330616608501016,0.8346705635530709,0.9999999999999999,0.40893104809900066,0.8291815164209722,0.42331634145973446,0.9498220682144165,0.40874222980248154,0.9165643453598022,0.41942336889190407,0.7919602990150452,0.4204350011954615,0.8289321724535442,0.4388412374320259,0.9999999999999998,0.8416034616661906,0.0,0.0,0.0,0.0,0.0,0.0,0.0,0.0,0.0,0.0,0.0,0.0,0.0,0.0,0.0,0.0,0.0,0.0,0.0,0.0,0.0,0.0,0.0,0.0,0.0,0.0,0.0,0.0,0.0,0.0,0.0,0.0,0.0,0.0,0.0,0.0,0.0,0.0,0.0,0.0,0.0,0.0,0.0,0.0,0.0,0.0,0.0,0.0,0.0,0.0,0.0,0.0,0.24342672121859615,0.0,0.0,0.0,0.0,0.0,0.0,0.0,0.0,0.0,0.0,0.0,0.0,1.0,1.0,1.0,0.9999999999999999,1.0,0.7565732787814039,1.0,0.9999999999999999,1.0,0.9999999999999999,1.0,1.0,1.0,1.0,1.0,0.0,0.0,0.0,0.0,0.0,0.0,0.0,0.0,0.0,0.0,0.0,0.0,0.0,0.0,0.0,0.0,0.0,0.0,0.0,0.0,0.0
30,0.37184928960205066,0.7556052011239106,0.9999999999999998,0.3539003133034218,0.6753054158768146,0.3643583634128002,0.723154101503409,0.374868562571074,0.7587248690788959,0.36075469672759736,0.9999999999999999,0.7838435447911296,0.9999999999999999,0.3568691339373723,0.9999999999999999,0.745706367367888,0.37156387677887165,1.0000000000000002,0.733722895955733,0.35382164398947713,0.7902643795626697,0.37131831774625423,0.735962050563011,0.3590889745408159,0.7831742725175884,0.3752309093526604,0.9999999999999999,0.7732693046346524,1.0000000000000002,0.36812258709117657,1.0000000000000002,0.747041778876803,0.36652126455807676,0.7610490926469399,0.3616492622230802,1.0000000000000002,0.7540770386912174,0.9999999999999998,0.3814496992055005,0.9999999999999998,0.7392247263478682,0.35994959179594216,0.7701720995252165,0.9999999999999999,0.36142517253001394,0.7641164225108021,0.3838224715794798,0.8711351752281189,0.3675789127027561,0.8457757830619812,0.37931240439491754,0.7616166472434998,0.372179736766396,0.7670583364321373,0.3761034937903848,0.9999999999999998,0.7724408859204123,0.0,0.0,0.0,0.0,0.0,0.0,0.0,0.0,0.0,0.0,0.0,0.0,0.0,0.0,0.0,0.0,0.0,0.0,0.0,0.0,0.0,0.0,0.0,0.0,0.0,0.0,0.0,0.0,0.0,0.0,0.0,0.0,0.0,0.0,0.0,0.0,0.0,0.0,0.0,0.0,0.0,0.0,0.0,0.0,0.0,0.0,0.0,0.0,0.0,0.0,0.0,0.0,0.0,0.0,0.0,0.0,0.0,0.0,0.0,0.0,0.0,0.0,0.0,0.0,0.0,1.0,1.0,1.0,0.9999999999999999,1.0,1.0,1.0,0.9999999999999999,1.0,0.9999999999999999,1.0,1.0,1.0,1.0,1.0,0.0,0.0,0.0,0.0,0.0,0.0,0.0,0.0,0.0,0.0,0.0,0.0,0.0,0.0,0.0,0.0,0.0,0.0,0.0,0.0,0.0
31,0.018591158824125265,0.7432816615808819,0.9999999999999998,0.02439622885977881,0.6700523238170755,0.026821005636460785,0.7022839023039965,0.0066964667559901245,0.740605580681306,0.01729857608039553,0.9999999999999999,0.7519888178335922,0.9999999999999999,0.01704937323899015,0.9999999999999999,0.7109862035262234,0.011549797710646119,1.0000000000000002,0.6972150021853818,0.026476567443989414,0.7379503752626686,0.014695335975548935,0.7174794433337882,0.005189144940838964,0.7473415554495045,0.007339975850231631,0.9999999999999999,0.7440875143651259,1.0000000000000002,0.007443405588080878,1.0000000000000002,0.7203995057590059,0.013843106626719481,0.7310885698504656,0.02642439070468187,1.0000000000000002,0.744141611870791,0.9999999999999998,0.0007744325856482806,0.9999999999999998,0.7161802329485393,0.018707710277866694,0.7379271489937664,0.9999999999999999,0.008850963400650967,0.7329018630019698,0.0022101232284939855,0.7698579430580139,0.0007968700261992718,0.7580788135528564,0.0005162413830616655,0.6620957255363464,0.014594320258319167,0.7273380511305463,0.004578679549115429,0.9999999999999998,0.7455875079982222,0.0,0.0,0.0,0.0,0.0,0.0,0.0,0.0,0.0,0.0,0.0,0.0,0.0,0.0,0.0,0.0,0.0,0.0,0.0,0.0,0.0,0.0,0.0,0.0,0.0,0.0,0.0,0.0,0.0,0.0,0.0,0.0,0.0,0.0,0.0,0.0,0.0,0.0,0.0,0.0,0.0,0.0,0.0,0.0,0.0,0.0,0.0,0.0,0.0,0.0,0.0,0.0,0.0,0.0,0.0,0.0,0.0,0.0,0.0,0.0,0.0,0.0,0.0,0.0,0.0,1.0,1.0,1.0,0.9999999999999999,1.0,1.0,1.0,0.9999999999999999,1.0,0.9999999999999999,1.0,1.0,1.0,1.0,1.0,0.0,0.0,0.0,0.0,0.0,0.0,0.0,0.0,0.0,0.0,0.0,0.0,0.0,0.0,0.0,0.0,0.0,0.0,0.0,0.0,0.0
32,0.018721417835746802,0.677985419221472,0.9999999999999998,0.02445663498737299,0.6250135770603601,0.027017515625076448,0.6543933882320929,0.006823985300730044,0.6854372514337025,0.01737285422437467,0.9999999999999999,0.6865389684765141,0.9999999999999999,0.017255650784668203,0.9999999999999999,0.6515566706586005,0.011604770654377448,1.0000000000000002,0.6256159406405611,0.026564492916223523,0.6625007526425104,0.014802544012290583,0.6460030331745892,0.005248371434136419,0.6962630078769139,0.00989730588286439,0.9999999999999999,0.6772526534074894,1.0000000000000002,0.008005812447825967,1.0000000000000002,0.6608846620459332,0.013893356466614328,0.6536065451650465,0.02651381400738239,1.0000000000000002,0.6746324082421675,0.9999999999999998,0.0007934581278607113,0.9999999999999998,0.6423597696938574,0.0190763888601418,0.6702410057934939,0.9999999999999999,0.008907060776742233,0.6693016588387062,0.002275956448036692,0.6441996097564697,0.0008149742762809454,0.6626741886138916,0.0005286071361097092,0.518298864364624,0.014664374681958322,0.6566826020003866,0.004764329982541593,0.9999999999999998,0.6874720335023059,0.0,0.0,0.0,0.0,0.0,0.0,0.0,0.0,0.0,0.0,0.0,0.0,0.0,0.0,0.0,0.0,0.0,0.0,0.0,0.0,0.0,0.0,0.0,0.0,0.0,0.0,0.0,0.0,0.0,0.0,0.0,0.0,0.0,0.0,0.0,0.0,0.0,0.0,0.0,0.0,0.0,0.0,0.0,0.0,0.0,0.0,0.0,0.0,0.0,0.0,0.0,0.0,0.0,0.0,0.0,0.0,0.0,0.0,0.0,0.0,0.0,0.0,0.0,0.0,0.0,1.0,1.0,1.0,0.9999999999999999,1.0,1.0,1.0,0.9999999999999999,1.0,0.9999999999999999,1.0,1.0,1.0,1.0,1.0,0.0,0.0,0.0,0.0,0.0,0.0,0.0,0.0,0.0,0.0,0.0,0.0,0.0,0.0,0.0,0.0,0.0,0.0,0.0,0.0,0.0
33,0.27537134329570173,0.7455561777332992,0.9999999999999998,0.2222676671772045,0.6741265142826596,0.27004975079288007,0.7139534204572828,0.25335205140396483,0.7595010928406615,0.2747203321172713,0.9999999999999999,0.752852251655183,0.9999999999999999,0.2653152435754572,0.9999999999999999,0.7248466189797197,0.2694647436566751,1.0000000000000002,0.7147370258923188,0.2696754863697888,0.7437562419661932,0.2676643749395923,0.7202220345568447,0.27089276849108407,0.75759382940928,0.27303900544601306,0.9999999999999999,0.7462955482738197,1.0000000000000002,0.2694477767484037,1.0000000000000002,0.7277344793836776,0.2713907948936284,0.7234949261513712,0.26569992899275463,1.0000000000000002,0.7399336714848231,0.9999999999999998,0.2518486272543902,0.9999999999999998,0.7091051009565297,0.26372787530072533,0.7363059823059273,0.9999999999999999,0.26353326301175917,0.7455702338552825,0.3008307879217257,0.7608266472816467,0.2870408350226395,0.7618478536605835,0.29736600866938834,0.6174253225326538,0.2728315855442851,0.7420370889977662,0.25165962950315973,0.9999999999999998,0.7464709667563547,0.0,0.0,0.0,0.0,0.0,0.0,0.0,0.0,0.0,0.0,0.0,0.0,0.0,0.0,0.0,0.0,0.0,0.0,0.0,0.0,0.0,0.0,0.0,0.0,0.0,0.0,0.0,0.0,0.0,0.0,0.0,0.0,0.0,0.0,0.0,0.0,0.0,0.0,0.0,0.0,0.0,0.0,0.0,0.0,0.0,0.0,0.0,0.0,0.0,0.0,0.0,0.0,0.0,0.0,0.0,0.0,0.0,0.0,0.0,0.0,0.0,0.0,0.0,0.0,0.0,1.0,1.0,1.0,0.9999999999999999,1.0,1.0,1.0,0.9999999999999999,1.0,0.9999999999999999,1.0,1.0,1.0,1.0,1.0,0.0,0.0,0.0,0.0,0.0,0.0,0.0,0.0,0.0,0.0,0.0,0.0,0.0,0.0,0.0,0.0,0.0,0.0,0.0,0.0,0.0
