,0 AC,1 AC,1 H2_for_industry,10 AC,11 AC,12 AC,12 H2_for_industry,13 AC,14 AC,14 H2_for_industry,15 AC,16 AC,16 H2_for_industry,17 AC,17 H2_for_industry,18 AC,19 AC,19 H2_for_industry,2 AC,2 H2_for_industry,20 AC,21 AC,22 AC,23 AC,24 AC,25 AC,26 AC,27 AC,28 AC,29 AC,3 AC,3 H2_for_industry,31613 AC,31638 AC,31672 AC,4 AC,4 H2_for_industry,48639 CH4,48640 CH4,48641 CH4,48642 CH4,48643 CH4,48644 CH4,48645 CH4,48646 CH4,48647 CH4,48648 CH4,48649 CH4,48650 CH4,49625 central_heat,49934 central_heat,49936 central_heat,5 AC,50209 central_heat,50808 central_heat,51439 central_heat,51953 central_heat,52040 rural_heat,52041 rural_heat,52042 rural_heat,52043 rural_heat,52044 rural_heat,52046 rural_heat,52047 rural_heat,52052 rural_heat,52053 rural_heat,52055 rural_heat,52058 rural_heat,52059 rural_heat,52064 rural_heat,52067 rural_heat,52069 rural_heat,52074 rural_heat,52084 rural_heat,52086 rural_heat,52095 rural_heat,53184 rural_heat,53649 rural_heat,55357 rural_heat,6 AC,6 H2_for_industry,69914 land_transport_EV,69915 land_transport_EV,69920 land_transport_EV,69924 land_transport_EV,69925 land_transport_EV,69929 land_transport_EV,69931 land_transport_EV,69958 land_transport_EV,69975 land_transport_EV,7 AC,70054 land_transport_EV,70058 land_transport_EV,70134 land_transport_EV,70154 land_transport_EV,70226 land_transport_EV,70292 land_transport_EV,70310 land_transport_EV,70372 land_transport_EV,70512 land_transport_EV,70797 land_transport_EV,76818 land_transport_EV,76942 land_transport_EV,77068 land_transport_EV,77069 CH4_for_industry,77069 rural_gas_boiler,77083 H2_for_industry,77083 H2_hgv_load,77084 central_heat,77085 central_heat,77086 central_heat,77087 central_heat,77089 central_heat,77090 central_heat,77093 central_heat,77094 central_heat,77096 central_heat,77097 central_heat,77098 central_heat,77099 central_heat,77101 central_heat,77102 central_heat,77103 central_heat,77105 central_heat,77106 central_heat,77107 central_heat,77108 central_heat,77109 central_heat,8 AC,9 AC,9 H2_for_industry
0,1836.27840114021,14346.55170165217,1694.1099472916665,393.9790434427909,728.9718819520309,12138.984241404758,415.02148427083335,5726.524334187494,11888.885503890073,1598.13083625,2037.9097685016914,1728.6211226993307,863.4360502083332,4168.553857473203,764.9263341666666,1876.8637509850125,2702.2380368897866,764.9263341666666,18023.411212603933,1201.6882454166666,7919.347908564021,999.9910033711265,1309.309690537083,603.5841819076122,1318.6034848240563,1346.7332346791814,2081.5617935701484,124.74471963904872,1100.3738668721587,2132.896861982378,69896.0,1651.7463891666666,19.1663996841168,57.48718364636307,6.247067939937424,47843.55607971482,863.4360502083332,8503.305628890123,18269.741009396,2572.438941289337,12654.469027225568,3539.139888041372,56055.715195693716,41723.69298523488,1035.281623128097,30425.419133406867,2665.7073055136084,28282.58509254435,2095.847434981333,517.3958421893094,0.129138506136174,2.8901993190049216,18771.669322396054,139.40521417282204,19.57790738050641,31.773363147607277,93.77036730225885,94.927916307,597.856048778,144.04322163689,167.075980558097,203.26515887,170.367228387,91.05106658,305.11188596442,37.1357533945,66.793438604,233.87677274557,262.001581644,29.234999571,222.97260234499998,541.291554852,225.032601088,55.013392121,121.5808164057,59.22769684,0.51063275,5.4068036,2.8630917,13509.760103310902,609.9109516041666,5.9457255634479225,8.721493389137322,9.281377971783513,7.084642800327856,24.472491585707758,2.415952473762445,17.63269173001754,1.6794047799194232,6.818957792245783,2042.8142087791023,3.710021584905917,6.473551214439794,5.901137430162635,1.067564084311016,1.949551273311954,5.06998128030682,1.2103849675040692,4.3174107084050775,3.15344912634464,1.2938444622559473,0.20778720080852509,0.3027210235595703,0.021012019366025925,18066.1701112333,52572.25280825037,1716.3558564339999,3019.572749592712,257.8296083956682,84.54622282600359,89.65780274382439,506.5100300274728,175.43707476611843,1007.5898186077785,315.8553457500814,197.091071991012,759.399811522173,89.04375921672964,1673.0210919905435,179.21590922992078,148.1459528180727,1457.537253591832,372.5315867826156,68.17009673157933,17.808869092064715,103.2794232440289,328.2237715387656,384.2761235846138,7676.629775579916,9465.530267418686,517.5741359166666
1,1771.2907355903158,9599.738523870354,1694.1099472916665,380.21734354250924,714.0436064631353,8865.418620839619,415.02148427083335,5506.774506515208,9281.505256307235,1598.13083625,1992.7097052971517,1170.3126083950724,863.4360502083332,3371.440219205273,764.9263341666666,1779.3641881397941,1817.17295979119,764.9263341666666,15374.876831303036,1201.6882454166666,7758.518961862941,966.1474000215308,1253.6909007551683,573.0782653019025,1270.368454330353,1303.2192449655247,1908.244163958259,117.22901863667218,1063.2989775040319,2009.5751307392122,61633.0,1651.7463891666666,18.34816723329968,55.165121825939416,5.910521480831753,32268.43579117779,863.4360502083332,17177.037732127203,39226.171580867434,5118.959112208316,27274.34315550819,7487.033933204865,126893.65630950501,71689.1849575871,2239.6049036622385,66082.95728811382,5540.269383587382,62852.427697947016,4430.868858323079,706.374908086725,0.18723753465954207,3.872799072763999,17666.202511671414,191.6858061510549,25.136713779583527,43.980307371110946,135.06636623433724,131.448849797,824.9328107983,199.00653130028,231.37288730062,277.87301177,234.5213111555,126.175348376,412.94690643268,50.849795313,91.63552624,323.17371536516,346.171120619,39.980969245,306.257652326,741.19554213,301.856946518,75.707421415,167.47703009836,80.11005319,0.70237756,7.493473,3.7605355,13881.908613848054,609.9109516041666,32.197444594523404,29.754553422753816,44.02771796443267,25.052564761135727,101.50269235193264,14.924537625163794,81.73166225943714,9.074975515715778,29.245687934570014,1972.3536663131392,17.499438418948557,32.568859021994285,26.467105576884933,5.471105212054681,9.657803614158183,29.468756234273314,7.459979321924038,25.2824282994261,15.270898585906252,5.957678670994937,0.9506787657737732,1.329120397567749,0.08254726231098175,19578.7144391753,71917.15716642457,1774.7633921966,3019.572749592712,348.9854932214943,116.45895909200262,121.19624551450626,692.4535463843895,239.17928259063245,1388.7216343696548,417.2186348164893,272.2028406859607,1009.393456107285,122.95890820962046,2309.4730763329444,248.71487838605915,204.4429759069892,2033.5265745629322,516.3558130010168,93.71657412343777,24.991116878940296,144.5399084992024,453.9357009527147,531.769033187328,6779.368870749396,7759.391509854944,517.5741359166666
2,2746.0899793937615,14291.908185126744,1694.1099472916665,591.7782012607491,962.8266819938832,11538.277789115726,415.02148427083335,8398.212243412156,11464.468812699679,1598.13083625,3130.5264097700974,1445.2796412938117,863.4360502083332,4023.806245976147,764.9263341666666,3444.4923925363505,2367.2668035095576,764.9263341666666,19632.351176723394,1201.6882454166666,10991.55980476433,1579.221073635994,2351.9443981928935,997.3836735065364,2158.0866241143603,2157.066393135235,2403.901444749932,296.9581393835123,1786.9116022809817,3606.925621959137,69070.0,1651.7463891666666,33.743337096212635,80.6426868900137,8.176414490067641,38393.7937269906,863.4360502083332,14081.12000196461,31746.186702970816,4210.028924657046,22056.06721756406,6077.910959869831,101609.44932084151,65942.03190793472,1809.7454437808647,53355.70179149695,4514.251102409398,50513.4036910776,3597.4289804491373,1115.886155396817,0.2661554965855213,6.392203239292019,20020.536061509567,312.6604365499344,36.76308068009651,68.7212669837386,178.780197775436,207.968098916,1226.3044981385,316.30591196206,340.81142098182,433.57215325,353.61204113,195.38836917,623.16226780303,74.797402736,139.030930052,460.5922364511,493.6986369,60.99931706,458.17705414,1104.836646745,448.81173146,113.10768231,250.0356821135,124.14560265,0.9274747,10.707227,6.0590644,20393.223345553975,609.9109516041666,487.21672394743655,528.2037870755885,710.7587355514988,439.17596196220256,1433.663474076311,186.97504651546478,1258.9002047787071,145.74584084749222,481.01711985468864,3088.3870627667225,281.28320472640917,537.03958401829,399.72933068685234,89.86083823814988,149.1664787121117,430.1963328272104,124.87510237842798,359.36314139910974,233.1097984611988,76.82968700677156,7.694659233093262,10.370473861694336,0.6702921390533447,19521.9755595366,109519.47490070955,1782.762747187,3019.572749592712,459.20338451832146,178.04174960816837,138.46172974008357,905.2116689321427,263.2216207118552,2106.00103990776,553.8767587742491,325.0425444124818,1508.906453841855,152.8260018431997,3593.3756285592635,293.6954144065835,286.2352740764042,3250.857648441186,752.0004594393611,147.48953679033804,23.323385819966152,226.70625454605303,652.3515246087508,839.7602528059103,7834.340218704853,7974.459957905376,517.5741359166666
3,2774.158602565101,14123.975391882022,1694.1099472916665,597.1773100147608,964.4552488931354,11067.060465393963,415.02148427083335,8475.060919341178,10749.48062566217,1598.13083625,3157.810597863169,1398.6845519464607,863.4360502083332,3880.6084103980465,764.9263341666666,3529.505486839055,2323.572178700043,764.9263341666666,20791.62156043662,1201.6882454166666,11131.013247168214,1597.378664878894,2387.9205166503666,1003.7418408934321,2174.7868021616155,2187.9875366995243,2352.76876505917,302.3484667876831,1807.3683168585599,3671.1529161369153,64801.0,1651.7463891666666,33.668143274708314,80.21713288184705,7.985646547899926,41640.97068637062,863.4360502083332,14388.120404714582,32487.92423291394,4300.161143265837,22573.526967544298,6217.643781618737,104116.70642690342,63430.25890766389,1852.3715853038618,54617.774270134134,4615.994124351369,51736.977981422686,3680.0753556038635,1113.6349053785157,0.26656431151665744,6.174266261993136,20593.294285828015,307.98518930538097,36.583425036195564,68.16211445699375,177.2482706259914,204.909654067,1210.230052336,312.90363920125,337.48331409178,429.34587976,349.665440572,194.80207645,616.75751223175,74.047768607,138.172947198,457.58870819116,490.830002976,60.942782055,452.12132518,1093.66671642,446.593620795,112.079902319,247.33148219814,122.83351526999999,0.93513554,10.411054,5.871472,20819.61173828459,609.9109516041666,392.7056807903573,470.39034381799866,580.5735361385159,383.4894089028239,1250.1951295551844,147.1931094378233,1017.8838789789006,112.84409579634666,371.66633351147175,3146.5317817108494,227.11941719986498,431.7366314828396,328.8217327406164,64.39634275622666,115.08544162288308,318.0754474885762,91.76385037600994,278.8656105774571,179.95009249448776,59.43659397214651,7.1187825202941895,10.177997589111328,0.6638302206993103,19186.5509690165,108524.33584922086,1721.817532206,3019.572749592712,451.4664980126423,176.18495501397106,136.20021884189865,899.0342241373764,258.04201810961257,2086.2426407779653,553.0172420989011,317.4280375953036,1503.755178816425,150.61761755834996,3552.135377392358,288.0201932391959,283.3110825998645,3230.738973172849,747.1849451894125,148.3337603669429,22.694319855698254,223.92140264544074,643.1544145489607,827.5551964400419,7893.693464714364,8188.566359976485,517.5741359166666
4,3879.585522929177,15265.11440063638,1694.1099472916665,829.1650862892784,1244.1652245444632,12905.198285170707,415.02148427083335,11665.356756581306,11273.879958162426,1598.13083625,4397.796614284167,1587.417107418155,863.4360502083332,4135.846400161532,764.9263341666666,5446.048772221635,2632.378388678536,764.9263341666666,20389.8077145823,1201.6882454166666,14826.255042343702,2283.2694814803885,3630.7893375309386,1475.26645835692,3171.8977690233423,3144.5017571512626,2947.263706147799,505.3821941181015,2634.0460121609017,5435.363994624277,67568.0,1651.7463891666666,51.55409330092061,108.44423288501875,10.349427026345783,39947.327519744176,863.4360502083332,14392.827217064842,32499.296268049133,4301.5430158494055,22581.460461833405,6219.786111613271,104155.14673058508,69940.51466577219,1853.0251129460646,54637.12388100163,4617.554009315493,51755.73735284265,3681.34245810861,971.4917883914513,0.20632479049564673,5.708253722448767,20211.338053650536,269.19443199730216,35.053652564290346,59.42386088593316,157.13142832397693,176.888283183,1054.960358534,269.83035170286,297.00671189308,375.09666848,305.002554513,167.502001303,542.4947514679,64.767435077,119.450765114,403.87294336486,446.977195462,52.695311625,396.95533631,953.527520796,397.638776092,97.475487316,215.7000109003,108.71674094,0.8181968,9.377463,5.127296,20990.468266211366,609.9109516041666,227.87545575760305,258.7375624322449,326.6157623557374,215.24714956688695,700.3608714385191,83.75321879610419,560.7674960019067,65.36574099585414,206.6967525780201,4417.840888366329,124.04135779011995,239.5238957107067,178.2490199385211,37.42561754304916,63.83866812242195,186.85325085744262,53.54558561556041,159.32834583637305,98.5959817841649,33.494186487048864,4.053383827209473,5.717734336853027,0.34674832224845886,20153.7051063405,94730.97486942376,1775.7565901525,3019.572749592712,404.41458446425827,154.91490449540612,124.91979340954857,803.6518703875798,236.4175083569353,1820.780917593069,510.6758058941306,287.5487769301383,1359.5181572087063,135.71023681669118,3100.104158985683,259.18268085459715,250.48793483015015,2824.0293950238865,655.1059152709585,130.51313343036145,21.932257620444222,196.02346445829542,570.3260816468012,726.3855990423962,8583.25695063313,8784.442345527725,517.5741359166666
5,1922.1993897622801,15072.693610471313,1694.1099472916665,409.0182199278655,752.7962717438728,15279.604247082,415.02148427083335,5946.095578024835,11127.335026004537,1598.13083625,2136.6314351360993,1643.88047049444,863.4360502083332,4163.536412764377,764.9263341666666,1994.597285304274,2643.732399681638,764.9263341666666,23136.21296518083,1201.6882454166666,8205.681697806978,1052.6570050559264,1414.614380765731,637.6641821676754,1398.4378710263063,1422.7409340826484,2101.6599520747222,139.96249581084967,1169.738582964254,2253.58791808066,68052.0,1651.7463891666666,20.688042452736227,59.39288066309135,6.3474000026440835,47481.399613746835,863.4360502083332,8412.8197251592,19446.316980981417,2632.539745783724,12434.635152943316,4415.66019980658,56914.88621675473,51185.06809261397,1038.1954720058231,33278.99876851519,2897.458473982275,30022.383458181244,2080.4400739558155,519.0222525826872,0.10566820187112688,2.8318390872142127,19828.575688789504,139.91012357676058,20.29927213737042,34.720413711819276,105.58340885035032,100.345275701,648.668461967,152.50199935302,185.52281868215,206.14156179,181.8017984107,94.566517698,315.69631170892,41.982085346,69.071265045,255.996784372604,273.6485707145,32.345786049,230.224659856,555.110693582,230.875213191,58.299438107,127.8598435758,60.7161873,0.5065389,5.528464,2.5219464,17982.976349058015,609.9109516041666,43.09221370774321,62.06415295043553,65.28857636684552,49.31371870019939,160.6099054239021,15.144835323095322,111.62532143015414,12.60252177529037,42.09529992565513,2126.55702456548,25.020576764363796,45.59775245189667,37.71660660638008,6.733217550674453,11.810520720668137,34.09640027245041,8.695609347661957,30.150768355932087,18.77686337765772,6.914151753531769,1.2260689735412598,1.6349416971206665,0.0462188757956028,19671.6532249763,55282.941044515275,1743.7056753351,3019.572749592712,264.7696828665632,86.12311264194618,90.40165969310233,521.1322214813381,179.69084701060535,1028.8809763601027,323.79706994074036,215.2279888410462,796.1173093148703,91.94222019581274,1824.676848158789,186.64317376134431,155.01673530917512,1585.1933807025769,398.9776944500405,75.29557087999798,17.72105867048642,116.06996344151825,363.23277904101707,424.3295876995732,7777.031518309841,9770.588812639755,517.5741359166666
6,1834.6992690746245,13731.716087898603,1694.1099472916665,392.40738988740986,728.3382205511075,13628.71151444039,415.02148427083335,5715.646203363185,9874.622385764964,1598.13083625,2046.2354273530873,1266.325689090187,863.4360502083332,3901.8615982940128,764.9263341666666,1871.7241789652544,2148.949622885798,764.9263341666666,23001.13348661067,1201.6882454166666,7921.674163400352,997.7767484420942,1312.175970435383,605.2862347220993,1321.6482669514928,1348.6211374622178,1938.763993823936,124.88072974903405,1098.2681355289596,2117.325898686755,74097.0,1651.7463891666666,19.764651096804105,58.39234308795023,6.384459558937078,29544.085482531595,863.4360502083332,16278.846259059002,40205.08058954793,5050.868770525349,25608.47407091745,9149.512474046483,123165.28816735053,95996.90662298437,2149.826974750068,69670.73025865623,5833.354516141814,64013.378776666425,4209.275234078627,1242.8416815159856,0.26521780592930283,7.328685186063236,23035.216291446108,346.42490860582814,40.376927508038534,81.62367025315773,216.651434827843,237.58149355,1454.634748572,369.7817163478,408.86628346836,481.08069056,414.449925132,222.46042409,688.6365990955,91.700293093,155.497513046,542.75319147714,557.8724722,73.666980424,513.32202524,1246.441041394,499.305168312,133.956143706,293.0400347574,135.68962409,1.0096937,12.0839205,6.753618,20173.776151043363,609.9109516041666,41.458872997085564,39.12528537720209,60.22627640917199,34.82838214247022,126.73496755165979,17.36707252357155,112.02621585316956,12.678313795477152,39.40136990416795,2036.1493304375176,22.002477710018866,47.759588319808245,32.90418677008711,7.384122358635068,13.467254556715488,37.247378069674596,10.68519157730043,33.26775781624019,20.37038630899042,6.4474729265784845,0.7150002717971802,1.1570172309875488,0.040909942239522934,24407.9544614858,126012.62313308383,1927.6187874859,3019.572749592712,502.561234560969,200.8876250795993,150.76237697768704,1020.2149328771294,288.88435760362285,2373.952647931698,614.1017884216692,375.9708796342572,1714.5302489979963,173.1303467789267,4311.023526685891,330.8088904677899,335.62556063184275,3804.187102454864,881.6639805502368,177.83174781432197,26.114193985011706,274.7435137095589,793.0643043439201,993.8757947520353,7065.779077503871,10773.739016139116,517.5741359166666
7,2913.6350978721553,17346.510989509705,1694.1099472916665,630.90310888616,1004.5324094570491,16481.415867866413,415.02148427083335,8925.561432033031,11365.807854676732,1598.13083625,3371.7084255035916,1863.1818226350824,863.4360502083332,4582.148557639592,764.9263341666666,3747.456452394644,2784.5356289855913,764.9263341666666,25188.32682686588,1201.6882454166666,11608.908592545582,1692.790467364974,2550.2765894474414,1072.6331416999958,2320.8848068710126,2323.2334721860134,2588.276082084487,330.07245299381543,1915.3154489337644,3902.181064569967,79826.0,1651.7463891666666,36.236764554489916,84.81916906825248,8.50078280606493,42346.60960094229,863.4360502083332,13856.201314820537,33811.62215304277,4306.051478078358,21551.08447106074,7691.54087561186,102760.932722111,80002.20402252235,1807.4573643281747,58462.499021866344,4929.132584942551,53544.5464376106,3553.618694457005,1101.6209231709365,0.21430731532511058,6.1306212737928245,23034.173867908266,303.7246302613163,36.38543242800607,72.56382337855817,193.83960433724,205.526286636,1275.068901735,319.81486220498,357.445252468,416.87302377,360.633470607,193.03925693,601.8358765705,78.64078157,136.067918097,476.68929746537,493.445090856,63.503894234,449.04389154,1090.235107265,438.476637655,115.734986893,252.09838742691,118.36784618,0.9989789,10.618485,5.7287035,23321.31304308426,609.9109516041666,455.92824039491825,521.5260012642248,675.6974413851858,434.63265585154295,1465.0180739583448,179.9287528693676,1215.6666726598633,132.63235725462437,447.2933795750141,3294.7281120967914,265.5332099198131,504.9888679012656,389.4224409684539,80.61893058521673,141.5670010196045,395.8204025365412,111.06635536625981,342.0754591890145,218.96301797032356,74.93237516283989,9.662862777709961,12.064467430114746,0.7780764102935791,23869.6968170296,109604.78273739526,1914.7748379024001,3019.572749592712,452.98967843492784,176.91135467574978,136.87336736730072,911.9653832485984,264.15074804319516,2097.9129739659707,552.9293134708611,340.2056512353554,1516.708968059654,154.92090666940308,3795.7411021256357,299.596487579005,292.7875628794911,3351.4899514031626,781.3651048931857,153.79791668438392,23.03058972470406,240.223760014308,698.4473252619166,876.8685567415223,8109.250405590089,11095.469928822775,517.5741359166666
8,2785.8743285958885,18369.090107364296,1694.1099472916665,586.7378475475006,968.8367647236955,15978.693111129278,415.02148427083335,8482.217161797813,11575.780522496287,1598.13083625,3100.7573707866864,1882.1178197455893,863.4360502083332,4363.0445619254715,764.9263341666666,3425.4687385732555,2749.419777750745,764.9263341666666,26076.748829734905,1201.6882454166666,11075.073321384934,1589.0708567026466,2403.4582063645794,1003.1775951510457,2170.5710107101136,2182.318449256504,2451.0038976616756,292.79570892868355,1807.3672528022337,3671.8807034325796,80638.0,1651.7463891666666,33.92306240541539,80.68369105061296,8.031542487697411,42827.07753386801,863.4360502083332,14925.05844335723,36632.37954141431,4634.660618424185,23341.181615659334,8334.789627310694,111763.21794046616,81588.28626636477,1958.5088832740523,63407.506702096725,5328.070142524004,58163.335542331304,3842.8906193063003,1190.2657298097809,0.24537819603649558,6.8131078275012875,23177.09804128605,331.26463275998776,39.43244492491714,78.41759978520886,203.4411942412638,226.39841929,1387.000962751,351.84278645571,387.54591227079,457.42189835,392.515131963,212.09917989000002,655.4405697873,86.312195442,150.00090947,515.974669751,533.049117349,70.61643129,488.31954227,1187.385966234,477.708720086,126.449797189,276.25644994173,129.32672939,0.9564164,10.925173,6.500744,24237.22363829639,609.9109516041666,394.0049285981804,454.0777063393034,584.8176574661193,372.36688758130185,1220.0031854147092,155.2298277541995,1018.4294854353648,115.51989543437958,381.4173012673855,3105.142088123661,231.39131097204518,429.0045493915677,331.9757639565505,70.26571599545423,118.94031964428723,339.5602589920163,97.0839553847909,289.2999683860835,185.86706145480275,64.13043534010649,7.4203572273254395,10.273632049560547,0.5953589081764221,23084.6588063896,120005.10342068538,1845.7171417726,3019.572749592712,475.8104209868225,191.53796437082786,139.89566961767343,963.059648006236,265.9767434265275,2267.228708055928,587.063918680065,349.2003767412452,1640.1836080275407,161.18858630648035,4119.356323868232,309.4961890885237,315.4297284947772,3654.139935225509,841.4471450528512,168.66631559213047,22.792062869379787,258.7330177367683,752.2766953646965,949.8123718225536,8553.53297401548,11171.297965567443,517.5741359166666
9,2962.4081232871663,15976.53279096376,1694.1099472916665,627.9042568508262,1015.4603317873253,16503.285504787615,415.02148427083335,9007.446871394135,11539.839547947784,1598.13083625,3287.9654939038664,1849.1813523871228,863.4360502083332,4401.692129110732,764.9263341666666,3724.1824254995527,2850.200833832183,764.9263341666666,23953.43403534512,1201.6882454166666,11592.459592646434,1692.0153515895302,2578.9471051314517,1081.5596591838573,2328.2678063679373,2316.265583986863,2559.090614720587,324.7621938187498,1932.8525915767448,3956.1015372569796,77172.0,1651.7463891666666,36.52764929138241,85.77222527042338,8.645717532379836,50467.939936218056,863.4360502083332,12136.255441600817,29272.615114631924,3777.2717939180893,18670.55898798721,6656.460502004969,88274.95241896772,81612.60347059963,1564.3936005020312,50505.2657064129,4287.184295021014,46112.24604138057,3088.1382854298326,998.4730905255686,0.19052606256777996,6.069519202435445,22016.29308902463,276.1668737403018,35.155720044865745,65.2541884371517,176.28726668704414,188.396129324,1160.39696561,290.98637402906,326.283844407,382.66863851,328.708551295,175.61068082,554.7715692297,73.062491906,125.13666985,438.04002501704997,466.370534068,58.396771031,411.46753142,993.632249807,408.777074778,106.239288162,232.04271812243,109.44630389,0.84677106,9.400537,5.4955974,22320.606231244918,609.9109516041666,145.66837828734424,156.68197412905283,204.35419320774963,131.92158962856047,443.4908341807313,52.07733542472124,364.17036655079573,39.51817449554801,125.95216248184443,3295.542031511056,77.5519146816805,160.1312702614814,114.62721725832671,23.700431877281517,41.21017315844074,121.79341283068061,35.98299825657159,108.0852387000341,60.003089139238,20.66437246836722,2.562192916870117,3.7014718055725098,0.24360384047031403,23405.3411637067,100511.56397929337,1860.6151893653,3019.572749592712,416.6140742501509,159.61809287773906,126.45501743600788,831.4646548841805,244.12754856239417,1903.8839752259353,524.0811800427515,310.6031392147788,1420.4856179326289,141.9939183378364,3433.1074935346396,273.94633652014534,269.6905571970649,3044.159647546863,707.491147566625,141.5124855588708,22.032754604948405,218.36054462850092,635.4977896737183,795.1877675097745,8611.607276322102,9944.928231426073,517.5741359166666
10,2024.658412730501,14215.204033863058,1694.1099472916665,435.05804968024324,882.618523475085,14895.507271416665,415.02148427083335,6081.0201183294685,10371.177053488165,1598.13083625,2393.346183673909,1602.9710537003048,863.4360502083332,4156.954759656559,764.9263341666666,2163.2028390523624,2520.4256906084797,764.9263341666666,22652.558448351876,1201.6882454166666,10073.079636925657,1065.5016379589858,1517.8120999291611,649.5435200771105,1526.0543669311776,1614.126006220706,2467.356694025072,131.14861999509355,1246.346183411555,2321.014913138509,71761.0,1651.7463891666666,21.576437125928553,84.23919264092726,8.06136985393342,47117.65386786833,863.4360502083332,10054.683978878578,21712.793137111825,3200.179001385861,14667.24817448252,5036.255688771987,71588.36444800826,54140.22881897535,1236.7664326869292,38538.913027233146,3562.5033899412147,36244.48548287115,2623.998021108277,660.5908159337473,0.1437352881661726,3.711679209763688,20558.697721662007,174.59078488368993,21.531823644846753,36.637389074119675,125.55952560900923,120.943135696,699.421033761,173.183195926902,227.36698859623002,251.85150919,224.67275661600002,113.21578966,386.35495169871,49.164178877,85.56556594999999,278.25709960116,296.227772211,36.955684927,284.77480854,671.47301417,264.721676625,65.5246038858,156.50205076393,74.01885101,0.6330162,6.7139173,3.4244192,18239.02772465244,609.9109516041666,9.81055275342078,13.061913004203234,15.127644663560204,10.842527933244128,33.67873560709995,3.6490523982793093,24.573485309869284,2.5532641606405377,8.761074457899667,2092.555478012154,5.69210877243313,10.104752961487975,8.227717329224106,1.577403772069374,2.4734930863778573,7.392094334791182,1.8734126581402961,6.407623854611302,4.747699445695616,1.441641803306993,0.202325239777565,0.27962884306907654,0.018218012526631355,21559.3359801184,64651.04423158041,1831.0591166898,3019.572749592712,319.4238410174409,108.06121426020185,106.66862933554516,633.0938119172403,205.866380063867,1263.4877446608575,356.0480969014389,245.10642957604887,857.8241811348497,105.68941849733302,1937.6754281511112,209.3630827334891,189.3644780391073,1718.2912697216577,495.1613620939702,84.75877177274992,20.008793294093888,134.99394924060132,445.43282510541025,541.9166513146131,8163.383048888617,9528.82470239255,517.5741359166666
11,3643.7539428029486,15483.600432627107,1694.1099472916665,757.9677385385324,1309.3199436479556,15352.085010360002,415.02148427083335,10847.730756828634,10101.176368847733,1598.13083625,4197.912542275105,1546.3927435122305,863.4360502083332,4844.593518420016,764.9263341666666,4658.126709036712,2713.7026297574757,764.9263341666666,24998.93205068537,1201.6882454166666,15248.910435818194,2057.484037961007,3319.9435421807766,1308.8300439422862,2975.75751397671,2954.756122396694,3125.9828289524708,382.7827838492974,2480.678057988091,4989.071328956028,84743.0,1651.7463891666666,42.698605345851696,127.57222565386598,12.2496573227294,28683.345045826893,863.4360502083332,17703.63492735584,39897.746961483244,5612.641759972263,26976.790381436243,9283.629113598186,136828.80829169357,98060.74432279164,2285.323450200604,71664.35929176722,6467.961677938367,68452.3338691241,4790.14773564682,1267.6198545599825,0.28390277235576755,7.098680190701732,24691.69842378868,342.59096291848897,42.30080298201275,85.94328729645832,243.48304692512386,235.289818209,1514.496235557,373.93689432048,436.32112064113,486.46361248,431.571689011,221.13933032,715.8003713847,98.899023888,162.094215205,598.56200796294,601.468471524,79.052526824,530.58357839,1275.972506556,513.20293317,140.981754985,308.74007416565,139.84085218,1.154739,12.608391,6.7174435,22839.787517743564,609.9109516041666,510.2769317664206,501.09350389556494,762.4767139455071,436.55780424457043,1493.669128187932,219.66526475548744,1393.7686129068024,162.0559474825859,535.0918995141983,3835.3204649013655,300.0335912395967,586.6173713356256,427.00742695480585,102.35743796778843,171.22221496328712,489.34094156324863,138.83240816742182,406.73827496916056,273.7824983820319,88.43674033880234,8.154662132263184,11.293571472167969,0.6767709255218506,25390.3590051397,130033.46922521296,1940.0016912168,3019.572749592712,563.5465135195363,207.43420727664528,180.97659376890462,1131.7477321695444,347.3776478912009,2428.117412199652,667.3365254890697,428.56847137889935,1837.0161968677717,191.0535836323894,4462.496994282683,378.1802826094222,360.9246204824135,4071.4916964938484,938.7971739078205,187.92026670571323,33.559396701662045,288.35915387573885,844.0893565639689,1042.3587274132205,10239.110705878433,10757.623860123356,517.5741359166666
12,5789.123596140906,17687.649280124067,1694.1099472916665,1121.0858371093639,1827.58630966347,17242.487854571675,415.02148427083335,18089.66492567257,11363.053608800325,1598.13083625,6298.007121005427,1863.9385207777987,863.4360502083332,4987.432705747677,764.9263341666666,7841.367544553007,2967.4411016338486,764.9263341666666,26484.950301488156,1201.6882454166666,21640.13353210007,3253.098340076526,5712.650079831921,2241.7846846078473,4749.904501255517,4669.511239612684,4032.0219091541903,674.7912146579183,3873.908579780882,8760.189291559494,82849.0,1651.7463891666666,77.88005579008093,203.16313005515298,21.21133406407467,44823.72465644012,863.4360502083332,15368.838238549364,34346.898190032625,4876.251881339584,23219.37598838922,7987.143690275783,116914.5516454504,84694.78493155954,1965.2576700686107,61553.0142492071,5581.087852236612,58621.08010996972,4128.943445668921,1022.5124336787555,0.23682067623743547,5.962246527937487,24260.230428462994,274.8967600321989,33.26230827442206,67.94300454812094,193.95328288887316,187.11684449700002,1184.2284566287,291.6142139863,347.96117262324003,388.12321176,342.96622705,175.19752512,577.7668322474,76.238316785,129.728409112,466.24337775324,470.545682352,59.812163301,428.131502405,1021.335225595,406.741505514,109.555484289,244.14304392515,112.17467838,0.9129614,10.195275,5.441413,24742.252281649602,609.9109516041666,252.2121298443526,268.60867842193693,369.92976783029735,226.46691992133856,759.732976149302,100.84890200197697,660.6153199896216,75.13078743219376,244.46872486919165,6116.051283091537,142.49143768212525,279.3045840635896,208.4264804245904,43.730774914845824,77.67247869446874,220.42225857451558,62.87538287229836,188.14939781231806,121.69030866399407,40.25885757058859,4.453163146972656,6.229715347290039,0.4164154529571533,24637.4324219896,102778.57777817808,1917.0938947196,3019.572749592712,462.17303292949555,167.25236629669365,149.75615047013062,922.1638382945281,286.0567595382385,1951.2866050228988,539.1344827167666,352.51150738099125,1441.9000372421538,154.54021669020264,3498.5215305325255,309.52905569034823,289.47079647567574,3203.236203775351,751.8574179059303,145.48802792728605,27.27271557448259,225.45901249801054,675.7646335530778,835.7926042163908,10751.130025402024,11043.289216861576,517.5741359166666
13,4265.327246994841,18319.447313859266,1694.1099472916665,857.2347423929245,1451.527368316495,16914.009624483122,415.02148427083335,12993.557120787262,12115.255852166463,1598.13083625,4680.455069028539,2017.153039133284,863.4360502083332,5178.350720272265,764.9263341666666,5423.888384091059,3175.9790037305447,764.9263341666666,26670.511800914483,1201.6882454166666,16820.28643087461,2362.1914507370443,3929.4614984080076,1597.6587126595687,3460.385361832661,3398.2574912152736,3416.1220166377157,443.55172509523163,2825.826459563543,6093.929473594737,88011.0,1651.7463891666666,53.993731241050625,154.64178198531323,16.124016943798043,44705.37859746431,863.4360502083332,17403.02499277567,39183.06362564934,5517.830029982004,26493.01545563667,9116.703916146276,134264.80628829,90806.43498015472,2244.1143146522686,70362.50256636842,6353.774826465079,67186.53947959581,4705.01630672742,1231.8524712566114,0.289546525818632,7.021208839096079,24131.923671157616,335.6316049921833,42.20997579293872,81.69773316249558,223.04454103085135,224.91573533,1438.517524965,362.28476990144003,411.46154137095,468.6773751,410.866467947,212.63665793,681.42483053024,92.364933434,154.39464788,560.56422373698,570.682299359,75.440023646,502.36804193,1208.492071925,490.771836205,134.880777587,292.63879638277,134.13735612,1.016425,11.644553,6.46884,25472.190732857995,609.9109516041666,437.6276151048951,483.2010340997949,643.7085211586673,400.6288427730906,1359.0099047729746,172.15083879977465,1146.5408192595933,127.42153914272785,419.2914799749851,4430.200222716125,255.36817466455977,482.3276156373322,370.4918358437717,76.97509352955967,133.11044907569885,379.2475009523332,106.77949775755405,327.2642091207672,209.7265631482005,69.68963178992271,8.323431015014648,11.683048248291016,0.6264097094535828,24220.07262853,124216.96634987705,1923.6664064481,3019.572749592712,513.9021746968755,197.7202153552957,155.81039552218843,1031.1829823660732,295.7096210585788,2323.5368655589805,620.7218164414456,374.01401529479864,1757.6785673626277,169.83163738403502,4274.064157523917,333.02476926710483,337.85104908521083,3910.2412141673926,885.7248091243491,180.21890241830712,27.388888472285597,277.15676597639447,792.2981928182727,1002.0517957317227,10755.923810982682,11159.54978321106,517.5741359166666
14,3154.7312531872244,17052.117709672028,1694.1099472916665,677.9702127808252,1194.7737620574435,17115.76856221154,415.02148427083335,9112.822200510416,12883.243831172245,1598.13083625,3631.6245033411774,1701.774533615002,863.4360502083332,4847.975329440115,764.9263341666666,3785.8440742506373,3087.515654053601,764.9263341666666,24479.56292242207,1201.6882454166666,13589.896596923443,1763.9164899710854,2731.338473612385,1105.347537972565,2554.0981377914513,2526.7101918778976,3039.7575504358765,305.6220439712968,2152.6293785143516,4099.712428746222,80968.0,1651.7463891666666,35.034837399684925,111.48815496136213,10.614999134917783,49366.168164589915,863.4360502083332,10653.144765968138,23135.600245201218,3388.9322527863396,15630.357804483769,5368.573997518728,76692.83532718637,74885.30486066685,1318.806474809887,41130.67767282973,3789.829054022877,38764.456446933254,2793.4795188781945,1107.494961684053,0.26457198179544605,6.206383880676795,22545.20151385719,303.9546785159609,37.229466128048834,68.99074584579695,193.9430468593876,201.903505336,1229.660765364,313.5706863061,367.70561497429,422.72641007,368.996026006,190.12007131000001,618.6695232946,81.270782213,138.435758354,477.22562512954,502.331996188,65.205447947,454.53795922,1088.0131858,441.37401209,115.443937893,261.75989670715,121.93264804,0.9219187,10.44366,5.863781,22118.401714150365,609.9109516041666,134.9277047230862,154.14477348700166,201.80352141689218,128.38437730562873,447.13216073466174,55.52853197231889,376.1746927879285,39.32072653993964,135.10466277971864,3243.571976518408,80.99773323803674,158.61435021460056,122.79120573343243,24.530242246575654,44.56800262304023,118.07822088524699,33.01699078362435,106.89909423980862,71.12980705499649,22.605134207755327,2.873436689376831,4.019553184509277,0.21158942580223083,22135.8483622921,109940.41640586936,1832.1829897228,3019.572749592712,460.4876769692149,177.21237416077972,137.46691859937067,920.2015196847794,259.09524708655937,2086.049895188945,553.9811222809882,326.386580464102,1528.9809162629388,149.44153182858952,3640.782882517252,287.5260174594097,300.30033469094906,3320.30656635031,791.8403514372394,155.5630170174063,23.608998010569653,243.10420812788476,706.970049136777,904.4745701249799,9013.526262004109,10178.885064144695,517.5741359166666
15,1987.0947539490537,12733.746522692772,1694.1099472916665,428.6380515134317,873.7798820856531,15240.471788669913,415.02148427083335,5964.413909189895,10017.891912457562,1598.13083625,2360.334528787637,1446.4778114003702,863.4360502083332,3975.0807421642667,764.9263341666666,2111.371727751747,2370.7908788897753,764.9263341666666,22300.525981997533,1201.6882454166666,9970.474908322885,1046.953067316913,1480.6373659349892,630.2435598262854,1494.6861396055776,1586.325116589828,2437.40971108926,126.70272057666759,1223.6881604948728,2261.5369252534956,72406.0,1651.7463891666666,20.64106810027915,82.31042272602654,7.78809463679071,43415.636740696515,863.4360502083332,14284.310184070035,30423.059350024352,4006.04357083084,21988.57677542236,5524.932117727815,96323.14808948604,47181.23404718173,1729.9817471337906,50910.21106835081,4718.913679397325,51848.350468795375,3699.0813396918716,812.8240563996719,0.14055116152577304,4.6026013118327525,20888.278844146058,222.03729913276672,25.82751375291305,48.949983987009944,139.52835095448575,144.03606628,890.97548901,218.71850454086,245.16306636485,316.08872724,253.278558236,137.35090386,474.4054772962,55.887925696,103.078409877,352.67937130132,366.152801053,44.407120452,345.874981886,823.288863126,323.243600334,80.464895304,175.45697080875,91.44281673,0.7573675,8.229553,4.248587,18245.24079177587,609.9109516041666,7.916788040805841,9.99117787295836,13.07892698328942,7.719995600084076,21.034171029226854,3.986793502001092,21.072296200378332,2.8947611858602613,10.428322541411035,2057.1822758599887,6.145800020953175,7.802856516791508,7.803970753215253,2.086134444340132,2.8554856514092535,8.500709938176442,2.1182044322777074,5.892905688844621,5.745685634436086,1.9299435834400356,0.10591115802526474,0.10991991311311722,0.002363933250308037,22097.9839097454,79398.55087070307,1850.34986626,3019.572749592712,379.56269163017976,130.51428487419636,125.5698593507522,759.4934316059381,239.84261084702888,1560.788116846669,421.3795784990743,275.2741791950318,1087.005679662797,124.4954925525991,2544.2266784852504,242.6150408035203,209.4838114540539,2293.337741652433,545.7731766739508,105.58605995508086,21.6277516505192,159.41056163881743,476.6392020007809,581.2369470319868,8300.960634876496,9864.101920627054,517.5741359166666
16,4856.299395774887,16562.079975988367,1694.1099472916665,946.0217418962064,1592.0901926815534,17470.450651475097,415.02148427083335,15259.497080732139,11073.420773590435,1598.13083625,5304.253883765342,1685.8468033886445,863.4360502083332,5040.851083156814,764.9263341666666,6489.59272228484,2904.0787109570133,764.9263341666666,24908.64900318269,1201.6882454166666,18760.34517684389,2704.2046839046234,4681.382220891247,1834.0128548513137,3945.552144153377,3889.912982961376,3602.910476927571,532.0172015378158,3221.3168066274516,7220.010566888473,87505.0,1651.7463891666666,62.34113215668097,174.43613033469796,18.088750274686472,31523.099708823178,863.4360502083332,19161.50257575487,41477.30326025597,5331.926491841048,30044.398789676965,7485.266579437019,133362.00279046348,75060.94830621753,2363.7482167979947,69641.01690796687,6390.482995907891,71497.93802011765,5030.931057020091,1363.2892283594108,0.3624255653301517,7.757190844883773,25094.77256497398,374.4742070959701,43.9358218630683,81.68856725527667,229.16832919218544,239.652829616,1475.358443223,364.52574829171,410.57891813247,525.53072991,418.240399245,227.872500684,767.8027043478,91.299225108,169.805940794,575.0443407928,601.884127243,73.38551069,562.99325975,1363.812437364,535.72952635,135.839553378,296.10420574385,148.14610153,1.2269621,13.860032,7.350312,23721.29514209128,609.9109516041666,434.05783211812377,469.5590821674559,637.1631250141654,394.4085471010767,1335.2589102499187,171.4445110708475,1142.8965865119826,127.51678819954395,420.68331360816956,5128.556873648519,250.51155621558428,486.9669900946319,362.6778522618115,77.96176000736887,135.86839663702995,383.07228096947074,110.65791426971555,330.922520734719,206.8530185893178,69.8630783483386,7.818735599517822,10.941713333129883,0.7083437442779541,25567.8163090887,131560.27691502788,1950.2916632515999,3019.572749592712,606.1017047927909,220.06707411112725,196.56697985759524,1225.7365458398342,381.7089680108205,2606.7068340632572,699.6830345201229,447.9232992194173,1814.9920197810918,200.4702083519216,4267.258660055695,393.2423598731549,352.2119033733291,3859.357457562535,907.1193665429779,174.9145709389799,34.804291117718655,265.53304476827856,794.6295889709191,980.7894080218117,10865.420645740516,11363.370557356,517.5741359166666
17,4667.715159852876,17214.946747642964,1694.1099472916665,915.9402147397382,1540.6508335181645,17453.15434050929,415.02148427083335,14644.217200573816,11388.75188448749,1598.13083625,5073.21074240677,1790.5073063014106,863.4360502083332,5004.523921436057,764.9263341666666,6170.887965402473,2952.935531019471,764.9263341666666,25704.272459350774,1201.6882454166666,18119.05649832766,2580.4566326190175,4426.29531401576,1778.5285339855131,3786.009127114535,3722.888495338405,3559.923190073846,495.6046297382463,3077.3234622186305,6885.424635014697,83044.0,1651.7463891666666,60.916867249791714,172.07350830031663,18.244595877090227,45354.26731491256,863.4360502083332,17298.475438385703,37254.71888507921,4825.455624087768,26967.17447267855,6736.443074604442,119213.61865810069,66550.83169345168,2121.6572683760933,62486.080874790896,5751.964203013396,63992.0387431817,4522.180946913657,1304.8322498746197,0.3026536038494311,7.476324516758634,24438.700690606223,360.2036541879547,41.43719240387823,76.74250018742126,207.7500645774847,223.222913206,1360.534428561,342.2382905326,378.55377802209,490.82644988,387.489356509,212.30142103,711.8385241769699,82.763035368,156.95189409,522.61986788297,552.629819732,67.549124902,519.27882189,1255.28687129,498.028028174,125.25170331,274.08842961194,139.4467051,1.1140821,12.375873,6.9561234,25093.43862434519,609.9109516041666,311.60060482798144,323.1330597344204,458.2628034875961,273.3619277168473,892.8375679980963,126.71317960321903,807.2268094634637,96.43623593449593,318.96741677075624,4911.802849205365,180.95754784764722,337.1057799831033,253.0789637582493,63.64665657700971,99.31179527565837,291.8003593944013,84.36546397581697,234.74703847337514,155.67113971710205,52.967941001057625,5.004038333892822,7.278366565704346,0.3865929841995239,24601.4217722836,122068.52355407688,1909.0005309342,3019.572749592712,543.7743724888412,205.30673960495918,167.09607603019023,1093.2561615076656,319.8619936431737,2453.063390401494,636.648791585882,383.56448402000683,1707.7782042198094,176.83952961338275,4024.0867425981323,338.96436931603466,319.6008561757485,3677.069901846892,839.1003519972954,165.21889049686996,27.85135893937127,249.4271001110141,730.3253409885668,928.778653449389,10389.090497153076,11361.932989634974,517.5741359166666
18,4429.081483420713,17850.597074462283,1694.1099472916665,920.2604203913369,1501.12473345479,18454.278276515346,415.02148427083335,13171.803551502775,12295.28471208714,1598.13083625,4990.849482252848,1985.8355976018615,863.4360502083332,5113.672815526148,764.9263341666666,5851.973501984208,3230.3985756672896,764.9263341666666,25309.74994550182,1201.6882454166666,17582.64176851587,2508.616279729646,4114.778655912636,1670.5376104982236,3654.5525340776985,3587.4447540144183,3545.820837780492,503.8802779904077,3011.58848439504,6267.21049845617,87229.0,1651.7463891666666,56.6997023826756,153.907887536492,15.44897199346187,47119.14023861333,863.4360502083332,19955.271741064982,43276.395290481945,5547.715596511909,31355.493903957,7804.313466341149,139390.12274532983,73965.25307480924,2466.8945028630214,72689.47899903514,6662.532994055745,74695.93298457566,5247.691265258858,1287.0432691107915,0.2524372066592855,7.471346817473078,24058.291970520084,354.13465843895904,40.990323790348654,76.05535198289343,202.03168182634437,221.918177487,1337.202857584,340.97284564932,372.37012336445997,486.17383511,380.915846383,211.70869659,702.13030244673,83.140030806,156.24312096,516.38869771432,548.788405095,68.07543616,511.68463409,1238.05830889,496.388200215,123.574019133,271.1349616564,138.09409589,1.0698627,12.140069,6.8131566,25421.805814990345,609.9109516041666,433.08429292216897,481.4469370302977,635.6703468700871,397.9387902810122,1343.1552969664917,167.71821309626102,1125.5150214998284,125.48918172717094,407.6848851889372,4675.69530121267,246.1813021309208,482.35432543978095,358.4137090262957,72.19692965969443,130.68350064381957,364.1867830492556,102.78977484256029,319.67502969456837,202.0636406764388,65.41066088527441,7.823175430297852,10.832998275756836,0.7021298408508301,24103.5875805277,120891.28174301071,1910.7987077184,3019.572749592712,526.956104236881,201.88823505177805,159.81436518626617,1056.8635086525999,305.54291339954165,2409.4651801928344,624.20829767989,367.4817869543972,1696.9691216651192,170.7038319904832,3962.2446808149803,326.44230790126517,313.938863441123,3636.7705459501567,820.7666434354401,164.03008398414886,26.311950420386356,251.9111235750233,717.0080329293664,910.9369296131421,10732.168482649473,11497.432375949224,517.5741359166666
19,2433.374167025467,15659.161885844334,1694.1099472916665,522.4276411115262,984.4489241114728,17517.75938681215,415.02148427083335,7308.994762297993,12359.246581729178,1598.13083625,2824.3203388446664,1828.3732786629666,863.4360502083332,4536.331163257728,764.9263341666666,2834.9045289564024,2919.4249546776628,764.9263341666666,23559.59835634468,1201.6882454166666,11360.421624644248,1312.1902030816061,1959.4120835605136,827.5436721241234,1883.1181829991149,1955.8308413668738,2724.298955926906,200.60577752345307,1536.455696477302,3004.8608286218864,78538.0,1651.7463891666666,27.788567744075493,95.39188986664522,9.175961568923762,53416.026164793584,863.4360502083332,10188.763352192924,21140.429101003923,2892.6539071707907,15223.82491021065,3878.771591487199,65220.34306469968,49362.56791265987,1197.7861623525823,35181.30674098956,3315.2392149309194,35347.9134180213,2580.6811511654355,755.2226238501646,0.17134880305528408,4.40377708130675,21759.705983587257,206.06841257045187,23.946677282881083,44.962499498676664,128.28058509369362,131.900697469,814.10072551,200.34660210316,221.792165387364,289.23242149,231.0527987,125.99226273,438.04465872468,51.093993677,94.811249262,320.34476165593,334.623614902,40.754480259,317.944104306,751.77200713,295.431131016,72.516877479,157.75815092300599,84.49387026,0.69504356,7.5111322,3.9474044,20811.90671924989,609.9109516041666,88.63468183507212,110.58005094155669,130.48186479328433,89.07687423861353,302.91505469410913,32.86574813723564,232.1397910937667,24.070019754581153,82.88030411489308,2553.3749855825126,51.45146187685896,95.82715436071157,77.21374937018845,14.695910902111791,25.75184645410627,69.48144525033422,19.81306157168001,63.86213940009475,39.24461171776056,13.255153988488019,1.9523944854736328,2.587167739868164,0.13289138674736023,22212.5252138145,72579.14473327804,1877.9237920616,3019.572749592712,349.90460734156255,120.92804939915656,115.39175181691004,692.3341196511539,219.26073629150844,1440.4318796811378,390.07117181409313,252.40415252857792,1005.1391860064446,114.29723782268516,2346.7186559977704,222.549929562878,191.047938591237,2123.5125440708352,502.9326646524421,97.1994369828553,19.587755004600762,148.35598422500928,435.99008237013777,538.868483748649,8749.33283995316,10266.813637352081,517.5741359166666
20,1987.8730265619922,12646.171502615496,1694.1099472916665,428.4666450383513,874.2661631533623,14608.14944976844,415.02148427083335,5963.198409787312,9734.568789793137,1598.13083625,2359.720623220508,1245.6156332221872,863.4360502083332,3831.752674621129,764.9263341666666,2109.8415006881196,2141.576015482712,764.9263341666666,20952.207779757107,1201.6882454166666,9973.796503963405,1048.3162836898302,1480.3554726197326,629.0336706367754,1495.241520354917,1586.849124813365,2404.212004176571,126.82393780901505,1225.648247141496,2262.7892857007587,72902.0,1651.7463891666666,20.48958613228283,81.98088630780941,7.732753315496724,35991.20265896921,863.4360502083332,20038.788099103836,42585.73983616853,5462.580209733214,32089.336982796638,8342.656788898372,114617.38135211213,62663.00680521378,2470.9795509423084,76661.90859521249,6603.209269421554,83161.92597357696,4925.51068388612,961.0421181957531,0.21165790284214242,5.54983315986556,21036.635048180033,266.07529904723685,30.7081702042676,53.199303699138184,156.88273612961555,156.925335813,962.1033293814,239.738133815296,273.25807396019,375.79243654,284.192747258,154.99962831,534.4924743033,63.252747876,111.826936838,408.29935565137,427.699673896,50.717531324,371.54819556,894.857048405,381.070903123,89.45730583,199.00169470658,104.60840639,0.8792317,9.639743,5.202582,17290.271765726808,609.9109516041666,16.554383503185818,17.416830744186882,25.593430851760786,15.968088150701078,41.6549124296871,8.277929795207456,45.134942319244146,6.918505952635314,22.532710475847125,2059.3587993491083,11.997160073777195,15.214291393756866,15.333988156053238,5.062403831281699,6.244817732134834,19.598927447761525,5.272665977638098,13.001995152793825,11.814386068610474,4.1335134990513325,0.24644917249679565,0.4373279809951782,0.03097773902118206,22962.939315985,88666.5202024064,1884.4895875166,3019.572749592712,419.65189325334933,140.58539067500928,139.38980869802714,799.8985226100908,274.5504234645528,1684.9724010099656,496.73062090897906,295.1153612174632,1271.687545659308,142.06387084594402,2742.1203441375287,272.7426043789185,237.04211501164946,2664.989949596217,613.792156268679,119.63874918578152,24.91653657269214,179.45742322520775,526.9641273675103,644.5202566720668,8411.64852174401,10582.02402731338,517.5741359166666
21,5055.129528905479,17208.702175795755,1694.1099472916665,963.7744492730718,1625.0154549990075,18134.96383847713,415.02148427083335,16200.978509419381,11233.606811559735,1598.13083625,5380.864240164891,1791.874516312635,863.4360502083332,5067.219306603848,764.9263341666666,6757.086799653871,2943.412395471838,764.9263341666666,23694.243420836792,1201.6882454166666,19149.46539525731,2773.1334427542297,4851.078598880566,1934.6620671043102,4055.7792848263966,3995.426092009279,3653.6907263559247,534.0229595527383,3272.2152109043795,7662.4596972968975,84734.0,1651.7463891666666,66.43776564246443,188.93927652560674,20.471450987781076,35968.996484671356,863.4360502083332,18140.61283823233,38376.88984679568,4958.000375046519,28890.808433499402,7526.128683629652,102898.78957054747,80466.12803020404,2225.0395873498323,68984.3937742868,5961.978904301586,74651.5461867815,4443.779613123461,1431.3584864176487,0.3198943709258861,8.169533555794436,24675.223970411607,399.32419855222645,46.18695922200652,87.35006158014166,245.82775331207674,259.97391989,1572.152429354,398.71616534294,445.00461376734,557.84142112,463.427384858,252.90349716,792.5799567962,100.41142021900001,176.67723294,645.06166263056,650.511881692,81.4597116,586.62211551,1447.56077415,575.490242925,145.86249941399998,324.20322354244,156.02247321,1.2685885,14.327211,7.806664,23085.594739949243,609.9109516041666,258.7641325201839,268.2259762343019,374.5770379237365,225.1297386016231,758.0491350060329,97.84322801232338,674.6435301469173,75.23918215930462,248.97157564759254,5334.128804790805,145.0903855143115,295.1684557162225,208.7004379145801,46.370700946077704,80.77654959633946,226.58013511821628,66.54528251290321,196.2868144372478,122.97403000295162,38.006000347435474,3.8747081756591797,5.1050896644592285,0.2778013050556183,24965.4816450465,141455.4670763618,1907.8931597637,3019.572749592712,608.9999054151864,228.64657341017252,195.12068334621412,1236.1133828673815,382.91946180276614,2774.5726241550506,732.2198819284064,449.8034063618263,1989.695028881699,214.85012857404573,4564.759830291471,414.78810870088296,380.8881034431612,4425.340452833479,997.1170152027604,199.28151730771097,35.506402958618715,297.53110187697376,854.2291994626214,1073.4490515522825,10754.690626100968,11825.866508635381,517.5741359166666
22,4227.210061208898,16771.388740627066,1694.1099472916665,827.0909777643227,1430.9081350926085,17330.710736595156,415.02148427083335,13221.624381585885,10971.348314541843,1598.13083625,4561.371239379987,1715.3371796113347,863.4360502083332,4642.520485805486,764.9263341666666,5423.6894204555165,2797.9492986270825,764.9263341666666,24128.102872476004,1201.6882454166666,16640.112428580316,2308.5820005146156,3919.928218107305,1581.5949918033155,3387.3407393758075,3334.2700959413182,3366.6578421984186,419.50919695547924,2763.077064882918,6149.146197730248,78098.0,1651.7463891666666,53.29755512187232,158.40522014055037,16.806171119182846,44089.799144686374,863.4360502083332,17319.94706822079,36557.216401148806,4739.84802257337,27507.941978055387,7173.107189745703,97832.32002681674,73665.55603952806,2118.7087791474532,65665.06191796642,5684.746436787313,70972.12968357911,4235.505799700981,1390.1904495155375,0.3235783063557053,7.97514811759258,23955.462971885678,390.11570920097455,44.105667715875164,85.82574918527239,234.9104503583186,256.233510067,1530.224343352,392.9595719771,431.0995832834,541.63153346,451.020706396,248.39026728,769.4975568958,97.709679584,172.717637833,625.3921149298,629.68649698,79.8742844,570.95061867,1407.88634604,557.326675836,141.697909938,315.31628020228,151.43036881,1.2115661,13.717256,7.7030253,23609.590696171716,609.9109516041666,331.7447311282158,362.7560700751492,490.71579653560184,300.93427109974436,994.9179037823342,131.33278906345367,866.4535501482897,98.75491112470627,324.3016714155674,4400.8955782759385,192.16897670025355,368.95025610923767,277.727964380756,58.91407545062248,102.82615866325796,291.5837364308536,83.10447588562965,247.83109776233323,162.9925423115492,52.130553141236305,5.311285495758057,7.460503101348877,0.5040440559387207,24121.3776563084,138027.3973857433,1898.1453263224,3019.572749592712,569.2766278418532,222.40260480175152,175.1071052240089,1170.0880798631274,339.7285082675788,2710.9942068788027,695.6262535826737,411.7344234021694,1941.8930079976603,200.51311430237433,4477.649345117398,379.16357642949686,364.52333225903686,4390.772889108093,962.1201405217528,195.54532196068925,30.474925156797006,292.6795532725687,824.2623899171318,1057.5570243311197,9880.910054909904,11664.033127405344,517.5741359166666
23,4131.325798807499,17215.52674712266,1694.1099472916665,884.9392506206225,1417.773629781526,18629.663600791482,415.02148427083335,12174.880470913009,11718.60555138065,1598.13083625,4755.025280524245,1976.0545588568832,863.4360502083332,4779.738216297686,764.9263341666666,5703.162088415813,3050.9673471255774,764.9263341666666,23672.146714578586,1201.6882454166666,16893.253035312013,2360.9193940964087,3788.5867740941853,1548.3452477720223,3413.263810674729,3370.865866785374,3451.0686042662273,479.65006218036154,2828.130064908046,5783.109503680192,75738.0,1651.7463891666666,52.0460636068081,143.40989787524848,13.980383315701253,51156.92199186416,863.4360502083332,19451.532863901077,41283.6107644265,5306.473892468571,31099.779972840723,8090.040281669691,110991.89717539375,83363.60828929085,2394.8909335514427,74286.64806744365,6404.8261713746515,80528.99465981369,4776.4732903973245,1364.1626536871624,0.29382432978720013,8.33426640596381,23415.371145520727,383.1684298386944,43.856106699860874,83.92656295200942,227.6346295175022,249.849920435,1485.9691869465,383.35603349704,419.42564859039,520.75857135,439.409783086,241.0242948,747.6270584968,96.237347581,168.233887835,610.46315407034,613.465869905,79.609363375,556.83119387,1367.1887385750001,539.56909126,138.352511964,308.46165738175,147.67042963,1.1756101,13.2178335,7.4578485,24398.748044917367,609.9109516041666,343.56431443896145,385.8642007871531,502.14963561319746,313.58814907306805,1041.9186708785128,131.9360695667565,889.5933361276984,98.8279524371028,331.08112335950136,4471.563193375838,196.365328629734,382.1110251285136,287.2343084719032,60.493893682956696,103.11660569906235,294.0837495904416,85.19075689837337,252.13035581214353,161.01710049435496,52.89157113432884,5.596566677093506,7.962300777435303,0.5014516711235046,24034.2361372495,134388.3630961273,1893.9252450229,3019.572749592712,550.5880142676854,217.20454921333337,168.38387212109086,1120.4607485865324,322.3718842869544,2634.8964570624266,673.0893515545795,390.8408752869415,1888.0813379990425,191.06366901634243,4350.48195385395,360.1610274849628,353.95732024328083,4267.289377003683,932.2598393538165,192.59347742234732,28.625179445451714,289.6065891432348,800.6052246505883,1027.8851253851549,10048.668231123747,11486.712344278283,517.5741359166666
24,2192.1554402019356,15797.618323668306,1694.1099472916665,470.54567463195855,924.8523672474909,12077.87418867435,415.02148427083335,6582.6293323648315,12376.372704238596,1598.13083625,2563.8731290215196,1380.2929052598952,863.4360502083332,4145.097565298076,764.9263341666666,2425.9086817901452,2707.5620408549003,764.9263341666666,18614.464680831436,1201.6882454166666,10587.003617230775,1165.9923888570406,1696.2252765313335,721.1901688123693,1670.3446119371965,1751.8265264892225,2610.249557468137,158.83583044216027,1364.735238022029,2601.274800652819,67172.0,1651.7463891666666,23.996327416188294,88.59146754651188,8.498327391717776,48276.992787249495,863.4360502083332,9224.549892592982,13542.331012133467,2300.0852491212763,14058.11332187278,4002.163422038028,29546.017796439675,50423.06587478492,732.3326113053022,28601.920497240226,3110.0383170708183,35570.166493525096,2175.712266651266,722.5573400678612,0.15467578192496334,4.390089921395645,20317.83690290566,201.90881380560853,21.769312803401217,34.78218119645153,128.380724196456,116.497557901,654.312173276,167.778628660506,221.63019749444,286.80025683,228.858740589,116.626164518,405.67900157,51.55241478,78.57239989,329.00437010275,328.396796533,41.28743137,267.48275412,616.85772885,285.702188216,63.775601263,158.270136882886,79.91263901,0.6915706,7.5103827,3.8711941,15623.079393299335,609.9109516041666,47.67022971092956,59.554752453637775,71.60615090024658,47.18909519788576,154.18552534730406,16.527635294012725,120.3552623357391,13.707458878867328,42.21156356204301,2278.034064944479,26.701481857307954,52.04089590907097,39.212135779787786,7.845839161949698,12.887966175563633,37.6395586442668,11.257129584992072,34.573366538155824,19.675406236667186,6.962249346077442,0.9174052476882935,1.18893563747406,0.08954425901174545,21860.5761821748,65122.57526701387,1825.3732279402,3019.572749592712,318.71931632171356,94.1893617254852,109.84443462621533,553.9117398442805,221.9256335181766,1111.3572929165664,374.85497431816526,219.59958690602406,983.1316875630076,108.42461611274128,1795.331320174009,206.65763812940355,191.14567104022862,2141.6514455066185,496.29201698683516,96.10391188554591,20.134237682853527,146.38530726155884,432.8458403247362,530.6290081427687,7753.083024255294,9809.509651459979,517.5741359166666
25,2025.989582339837,12935.821085123593,1694.1099472916665,433.70740807981764,882.7798280852965,10375.232341206729,415.02148427083335,6094.8632279163485,10245.308077318732,1598.13083625,2389.940219605402,1019.3454322366174,863.4360502083332,3364.3840212607165,764.9263341666666,2163.5520622780214,1919.99623823098,764.9263341666666,17285.715916769288,1201.6882454166666,10075.942004023786,1066.5328016444444,1516.297055296458,648.1957316153947,1525.2863218071495,1613.7016740512936,2376.2708703048693,130.42481272861156,1246.7471926675767,2327.658786573614,61025.0,1651.7463891666666,21.374040456277204,84.04948293753696,8.039383558713517,31259.128014874208,863.4360502083332,18652.44043381029,27692.265409005635,4422.401569527909,30199.82030370202,8473.017720216492,63333.3094511319,90772.24521555164,1503.7918375568847,60973.65702365338,6508.335677181058,79031.10091630646,4561.325356774443,921.8327006650554,0.20786524793571398,5.511960081184897,19267.592579037562,256.7350080460121,27.565831774013954,45.669615359936174,160.83799880883782,145.971336685,854.3299279217,217.123330379566,278.64790377505,364.25126538,286.292609427,146.71900109,516.92226824202,64.498801329,102.473054344,411.2936079594,412.009407925,51.244182621,348.96569132,804.835469147,361.317002423,83.149963644,198.910726934,100.95023006,0.87669134,9.782188,4.976773,13920.16177043807,609.9109516041666,89.72464044881053,95.17137417808408,135.3269265918061,81.21306764753535,252.72697147657163,40.24904370121658,245.58997980583808,30.640183044597507,105.13385350257158,2097.8322671841765,57.15902976988582,96.37516083940864,79.81081819161773,21.272564032813534,31.00305149331689,90.82729835622013,25.26304441690445,69.5526850069873,54.270442449487746,17.617093486711383,1.447455883026123,1.8507883548736572,0.1342821717262268,24840.2364362008,83366.3759695113,1941.4718728325,3019.572749592712,413.6951524563374,126.68732172696211,141.95078403402238,746.4952282037975,280.5038373323161,1475.363410570918,473.8322422508742,274.21148318443164,1228.1226923468316,135.44547577973722,2380.348774807329,262.9379541556287,239.2912941441652,2673.198458082257,617.6831589715254,120.10752689500393,25.203302737804787,183.22909166472581,538.527812189512,654.9177769620502,6904.164261075468,9043.226058750099,517.5741359166666
26,4809.615592318826,18621.546368468393,1694.1099472916665,909.397061576467,1555.134975892368,12996.687649859436,415.02148427083335,15516.291245659384,11774.475193127395,1598.13083625,5063.313615606135,1511.6158151941304,863.4360502083332,4219.974194859683,764.9263341666666,6341.525357205905,2596.7045997127725,764.9263341666666,19991.353485559805,1201.6882454166666,18269.83174921579,2606.9762311981694,4550.849136383769,1837.0598523960339,3814.8281835974803,3766.621861888281,3560.9279414362422,480.31535849343317,3067.943201544498,7300.768368934696,67978.0,1651.7463891666666,62.74481188993313,184.62238325550172,20.35639381334016,37383.21463931675,863.4360502083332,15326.22826691977,22700.089932867602,3673.636579516115,24504.93639275564,6895.675482524806,51412.96522388496,83089.37208689208,1231.6167360959978,49552.72851087635,5309.39748666075,63697.84177106177,3719.667803457491,1349.4508643672063,0.48551597577071587,7.915908098037218,22259.946679536028,378.3503290489481,43.95641760187095,77.82571803295752,231.31400826526274,225.9127949,1384.658982828,354.67271907225,421.51177756832,526.25783367,430.529393113,223.22373044,726.58838268816,94.110145623,150.689167617,594.64488618084,604.114147054,76.206519535,495.77375675,1245.414572173,532.52687071,134.233786335,306.2869525821,146.04349194,1.0918086,13.079272,7.424705,17741.854527210155,609.9109516041666,225.02695534168743,244.05539128137752,330.33414228912443,201.15926084684907,661.4559084014036,87.43894062936306,582.2942091061268,67.11770544201136,216.7704479470849,5057.846028328853,128.7604527246731,252.926982447505,182.62258666101843,40.289156430750154,68.55474929884076,195.3227030429989,57.361936550587416,167.15886699780822,106.3181058652699,34.22214852273464,3.518383264541626,4.753666877746582,0.2970852255821228,24494.8183774246,127391.01939863176,1878.7685772745,3019.572749592712,522.7547056155195,189.42710083758908,160.39746654735654,971.180654583964,309.53292299073627,2371.547067625822,657.6621589386831,375.8002121063228,1844.1595785045902,188.38655050147403,4035.5656486987273,360.10406037202745,355.43971731019735,4133.623796764891,926.4429549387381,185.67491566098255,31.56245946035897,280.1794442512971,806.9836757188104,1017.3765908787002,8591.03654384614,10154.824655405253,517.5741359166666
27,4591.438361157131,18308.158920268223,1694.1099472916665,888.8814113256935,1523.0406030925228,12724.698735505666,415.02148427083335,14330.697290178698,11212.214021007476,1598.13083625,4911.680036363466,1467.217694290276,863.4360502083332,3953.9050335344914,764.9263341666666,5916.33168636313,2475.412895999534,764.9263341666666,20703.71264161891,1201.6882454166666,17701.99089307334,2514.1741671078653,4324.037516454763,1725.4088319050422,3683.2827402196904,3622.2567535450403,3490.521326909804,471.8813080053133,3011.1573132386143,6757.491376709579,61777.0,1651.7463891666666,58.443519584456254,168.33175231027369,17.786781216533544,41154.61190046293,863.4360502083332,15679.697539814368,23230.59747332986,3753.206193031124,25110.119217609274,7063.296183156189,52679.7140646834,79767.72359530996,1260.5401872729951,50766.40553887135,5436.806019004899,65327.27359598373,3809.108905969994,1356.0889994081542,0.3409011849493739,7.817704820454328,22454.735809311802,381.5880197966632,43.42812133754438,75.23379838816936,221.4259216866006,219.710426123,1330.674257734,344.98479780057,407.86895055915,522.87360504,417.097608916,217.374411466,724.58152336124,91.178607347,148.402560486,576.0838221841,589.2997515120001,74.725302239,492.07755397,1210.786345846,523.696821569,129.69042564,296.92334015702,145.43399598,1.071636,12.883638,7.56809,17440.32291351026,609.9109516041666,386.6288655702956,423.1056339866482,561.5437064967118,350.83687595371157,1201.0693640289828,154.3085637651384,1016.9477397250012,111.92892538011074,375.1295568346977,4768.590446167089,223.586598435184,420.1890706643462,325.69608737388626,69.06980839278549,119.92338598426431,339.43102107942104,96.16315435618162,290.8292704159394,187.23408302664757,64.46221340447664,7.942985534667969,10.55702018737793,0.6493799090385437,23916.2746299014,124457.83168614334,1891.4731497506,3019.572749592712,517.8462830380232,188.39095322214476,158.02086512881442,964.2865479268376,303.4292001646029,2313.2961193757224,641.1455715423252,349.46423249711944,1804.3976772586348,176.65124629306234,3895.697519248799,335.2624658608106,340.92317963475887,4027.852929767837,894.0136160202773,182.11858747939044,28.63202517503684,272.111590935636,777.5177427330032,985.9831283765503,8487.486303603364,10146.482065640503,517.5741359166666
28,4065.695420450596,17564.817208691275,1694.1099472916665,880.3066823201684,1407.782911799743,13133.135373413272,415.02148427083335,11877.35232892504,11541.06714897752,1598.13083625,4736.737362276006,1649.2024841294678,863.4360502083332,4175.785866665492,764.9263341666666,5636.732287843832,2747.7577266792796,764.9263341666666,19592.876716430954,1201.6882454166666,16820.654063848608,2344.382603989997,3755.2853839580653,1507.4375770484626,3384.1195531367316,3346.7592697594687,3468.811869017917,482.7602315680832,2819.9206170580846,5643.514389634882,59588.0,1651.7463891666666,50.05541244628321,136.79529514759696,12.764081667910492,50924.89353223257,863.4360502083332,15623.047018292238,23145.573028086015,3740.453570813001,25013.126564291946,7036.431612918128,52476.692223828286,88395.32694082266,1255.9046256583215,50571.88951762769,5416.386253109667,65066.124552077694,3794.774180177976,1264.875576427667,0.27757489474893693,7.127401574964214,21605.080110531264,356.4363398910587,39.94397304333569,64.78210162715872,200.57315172442202,201.46621843,1148.4161608607,302.55893782272,369.84749916105,490.38203255,382.46520964900003,197.92066873,677.4661561514,83.851384971,136.182780834,530.8097257592,544.067869888,68.916786441,451.95641205,1071.676086323,484.658300622,111.506727585,267.87605404543,136.35215084,1.0166633,11.989738,6.8227906,17752.95265257379,609.9109516041666,278.0761248311028,326.5857265845407,408.00207708217204,268.5684274225496,906.2100132717169,105.91035463660955,725.6021563295217,77.9705298319459,259.7159686014056,4412.942861980707,158.8970812469488,306.7886758707464,234.247363448143,45.26236308016814,83.33759038941935,229.64272259920835,66.20297222957015,204.05983473219385,125.67881733179092,42.08630120009184,5.7288641929626465,7.41544246673584,0.5102523565292358,23642.3394344928,112433.84621805059,1874.8881287956,3019.572749592712,484.2808741688217,169.9758646453864,151.35114401154527,869.3722034268709,293.08942663430236,2014.9702212097282,594.2589787442377,314.40335825116256,1675.0113287547715,160.0890037673196,3343.336155861943,296.1850418965673,309.0324868558599,3733.8357283073774,819.3037194166806,168.44425495238264,25.057182406542232,253.15146169944947,710.7854816655689,908.3120677438735,8340.86732617472,9810.17734849251,517.5741359166666
29,2072.0552555176305,15509.316594458636,1694.1099472916665,444.7204070662887,894.4646617170308,10664.785879765792,415.02148427083335,6224.663091773318,11497.853804079077,1598.13083625,2439.7986954462403,1364.4637116987233,863.4360502083332,3922.141195091434,764.9263341666666,2234.4857076736366,2520.757827090268,764.9263341666666,22641.119412270826,1201.6882454166666,10214.585731850742,1093.122113893298,1567.3790610837339,670.5404428760346,1566.588620676665,1652.1992206175087,2513.0132808351054,138.48020078512747,1278.9123588690834,2399.5169588082936,58175.0,1651.7463891666666,22.336912057066147,85.70203082018547,8.234904947114098,42459.125498590605,863.4360502083332,6979.174436342285,11732.592271924766,1870.0261318954701,10094.46536011777,4077.621677963026,21487.750189285864,58133.855835586524,533.4745404427614,27793.79680135002,3351.7337453752402,24426.13597921792,2094.0408329100705,602.6149745051848,0.16373658817257716,3.5008485700180065,20642.751448872583,167.1159137796065,15.58509947867397,29.46684388281367,102.11643047520869,78.53039309100001,525.754659447,132.42979409817,181.72555017838,234.772184515,181.637817928,85.057288388,329.19246140678,40.354124198,58.077064191,249.84062567396,239.95094061700001,31.615377108,200.224199031,444.356455206,218.823441552,54.235036912,131.5894985729,64.19421488,0.57052374,6.1155114,3.1897054,16372.398521251178,609.9109516041666,23.804371313686715,26.80849679556559,34.48448085307609,22.767036888631992,97.20984645263525,10.159880436956882,70.70831235055812,5.8415719761978835,20.331797962775454,2143.9205125078006,13.426640320190927,27.947011688898783,24.494433659594506,3.2811042777029797,7.772829672088847,20.369599863144686,5.367247361689806,21.904439316364005,11.853819133597426,4.2196288160048425,1.015609860420227,1.2788695096969604,0.10838864743709564,20705.3552634408,50354.04909232721,1775.7506030345,3019.572749592712,260.98153726915024,68.86473627250946,90.24094036047481,425.2944316686905,181.12355007120524,801.9583022850452,281.14990296111415,150.74403942905187,706.4274975179304,84.3637361149443,1471.6526893194634,170.35027170950144,159.29571902465278,1566.9901588207367,398.64278657073436,72.78484805829306,18.219749116622825,112.06519311987303,354.14323017130886,420.7797155451188,6747.800417779464,8777.916357673806,517.5741359166666
30,2582.3181655703784,15247.800603425472,1694.1099472916665,551.4576713708136,1050.6716857373228,9078.097973372061,415.02148427083335,7423.013027489626,9544.11140909592,1598.13083625,3002.123539712927,957.2463629764462,863.4360502083332,3326.2523664199043,764.9263341666666,2829.1032500545944,1864.2349692253997,764.9263341666666,22048.517525816944,1201.6882454166666,11741.681263722483,1411.8855788957233,2093.4286419586715,857.6522354709303,2042.9952385381612,2035.5899935502869,2687.8702429720415,202.85092069668553,1735.2487813297466,3153.423149656061,50779.0,1651.7463891666666,26.32816943223432,96.97245809747248,9.333871002910927,25815.24833707246,863.4360502083332,12905.320916366692,22543.649564295192,3296.6890229447226,20094.211199985242,8288.67410994855,42711.650755871706,111139.68551070827,999.8145710764879,56620.44045632463,6779.013989121,50770.15609672062,4191.2299454468,1227.378586012523,0.2899717296774457,7.166279292236791,20178.828667521666,348.69338323565273,40.385775015165784,71.85052271288787,227.9615653527946,203.78042087400001,1245.9975035155,332.02840861256,438.25170078355,488.17122846,444.318230641,209.23042726,672.6946124025,95.153969827,134.33266857,582.1321520982,578.465332189,77.573676639,453.44147809,1050.5202779,502.463952125,129.465957557,318.13419996392,134.30674043,1.0575627,12.088389,6.8179517,14713.52034422215,609.9109516041666,265.97112018894404,269.78087484274874,394.07951035164297,229.0300184394,696.1690848697908,115.32191694527864,680.6344647071091,90.70019570738077,294.84988786280155,2598.215261569349,160.21868418785743,276.11765080690384,212.5134473433136,60.44135989435017,86.81675436720252,263.36460493505,74.31905112974346,195.8417346952483,145.59723367914557,47.973437778651714,3.580456256866455,5.234651565551758,0.28587549924850464,23045.8751818678,118644.7007534848,1869.4450132289,3019.572749592712,494.69693982942334,165.6565435949984,159.88352200887533,881.7428241704432,315.4819567582998,1936.0625240059105,626.5396637935299,311.8906156716945,1764.5751483587485,174.91458572983015,3629.015485599661,336.57124228991734,367.47948584175026,4016.024990003532,958.4591414908491,183.50928088314456,31.190842006351286,282.6075155243039,842.6093811786436,1054.5016746795952,6594.699098556439,8475.156316491473,517.5741359166666
31,5219.50432258971,18443.807944218162,1694.1099472916665,985.6431886836426,1664.9679671935298,11957.535728245486,415.02148427083335,16634.59931731152,11162.222217476645,1598.13083625,5515.262949801162,1502.049549354811,863.4360502083332,4024.0516524630475,764.9263341666666,6909.484135607947,2481.4492655529743,764.9263341666666,24495.19118696681,1201.6882454166666,19562.383866302276,2857.745059663203,5022.787409742891,2005.6711861130234,4179.063132458243,4118.039131134989,3781.090570970093,547.4167089340452,3380.9771476952483,7939.416016411962,59018.0,1651.7463891666666,69.10119795220791,194.26790529085537,21.075000159520613,39207.493270811756,863.4360502083332,11101.86682913912,19253.611843004077,2862.5247594336256,17051.073038123337,7007.160103233917,36252.76042085536,92438.93428637854,857.8972497414335,47847.87155411238,5736.018750226374,42753.10303955082,3553.0101023426264,1099.0590826865273,0.22815762042975346,6.486261824172979,22007.877801829705,312.1481835920853,35.18684057415807,62.79552072453802,202.25202335508575,174.26900453,1081.526554822,287.24892566694,380.53479282878,435.1077596,385.390037683,182.09582245,600.8761165366,81.351459062,117.458139878,503.1318714119,498.756361767,65.911294274,396.79681934,911.738343974,436.676606896,112.5141160665,272.91934629227,119.93803928999999,0.96474177,11.093705,6.073781,17760.66465679774,609.9109516041666,261.6024192292243,278.4721020068682,385.345331780205,232.73831079062074,756.0777974892408,102.87666715681553,666.508048205782,79.57734375447035,257.8016482144594,5473.288725170091,151.40892399009317,285.4954654239118,210.88653006590903,49.5580330286175,79.61144542321563,232.96606309711933,67.84241342358291,193.07166132878046,125.82359852269292,41.00007378309965,4.058605670928955,5.4811506271362305,0.3931487202644348,21739.0196530313,103063.04429135569,1845.4078316164,3019.572749592712,448.17993458498404,143.959551987886,146.25858803128546,781.3118173230117,289.62634842789544,1688.2140164954476,554.4854916555686,274.65660501563735,1539.1449095844903,155.89511012502265,3166.4146482326296,303.4692279018769,318.6639727740951,3510.0430941349846,839.3678166334258,159.28628730668012,27.63507348962903,243.39071026780846,737.1766918596246,928.8809477778956,7817.030555413493,9307.607096679534,517.5741359166666
32,4353.567577267837,18780.60265772712,1694.1099472916665,852.37853373125,1460.2198121823405,10987.102550964311,415.02148427083335,13568.899588856282,11241.402037069327,1598.13083625,4679.919230498825,1576.8248458937392,863.4360502083332,4133.291939604704,764.9263341666666,5590.180759671997,2585.9802710085487,764.9263341666666,25349.766670322213,1201.6882454166666,16987.963521169593,2377.012228585721,4035.565480761045,1634.6306486997726,3494.008477186589,3433.349177480613,3398.638266916768,437.54008458034275,2837.4398046487454,6348.035847936916,56067.0,1651.7463891666666,55.263051147845374,161.9640462417841,17.233746228771576,39762.687893871655,863.4360502083332,11926.504996682403,20757.997619635957,3061.0484841074053,18442.5627883485,7593.138626148679,39206.119493288905,94426.22210994092,922.7896363218426,51859.17142329205,6212.933404527693,46418.93960782468,3844.839234913593,1183.6196154608551,0.26448846688811684,6.873199081355705,23296.98062754811,333.22167096573895,37.9973112366234,66.4025754885043,207.2721648606764,190.868717112,1159.666029646,310.70600270275,405.74236088454,460.47623477,411.996440529,194.77710138999998,635.12004541904,86.966721927,125.942061497,534.45923034398,536.400621158,71.090963391,424.02738143,976.255851898,467.387801755,121.13439854,295.85124451018,128.45842011,0.9696657,11.3526535,6.6866045,19194.299104495418,609.9109516041666,392.952310776338,442.0443585838657,568.625128637068,363.55151025927626,1233.6230484885164,156.77560494095087,1026.9439180127229,113.81092604249716,379.3280338048935,4527.996735944756,228.31882227561437,425.481277666986,334.5522722823662,68.34675941802561,120.75745125766844,337.6548382528126,94.62077087163925,292.0323500648374,190.89816499501467,64.6154640391469,7.584829807281494,10.91396713256836,0.7080584168434143,21204.1043549882,110736.71893576656,1795.4032907159,3019.572749592712,457.8582851236829,154.36061440760108,142.14005078164158,801.8804763108068,276.69394309633907,1804.523017289577,575.3315083775451,275.15401734677937,1644.7490267798407,154.5673345044901,3396.7883358871563,296.01759114578505,339.1661641191232,3762.6428879887126,886.5476084914037,169.97021184829092,26.202020857994913,264.07125131895225,773.3698169438583,991.009848506864,7994.099335774825,9472.324429178861,517.5741359166666
33,3691.215543921206,16337.190016065324,1694.1099472916665,796.5169392596159,1323.1690501022886,12081.189753173896,415.02148427083335,10722.83678199705,11723.186095056852,1598.13083625,4277.910888228901,1533.3887972261832,863.4360502083332,4225.44616231797,764.9263341666666,4833.600868357635,2698.018979712031,764.9263341666666,23889.342205294975,1201.6882454166666,15478.43819382722,2106.1251881546987,3341.834753231272,1337.7466461197505,3043.3600367005506,3009.1778648164504,3290.0223372648984,409.67512807639076,2550.979549670079,5001.8838069822,56764.0,1651.7463891666666,43.59202749592852,125.27497152702362,11.706158168465578,44010.84258206669,863.4360502083332,9778.28455497526,16839.003320352014,2543.885029523949,14817.667842283849,6066.637560745615,31512.482961761285,94107.7194839631,753.7419777851302,41409.55034589186,4970.548744632589,36869.26635490663,3084.610891442321,1033.9013120484667,0.22897487363977398,6.13795334806853,22537.21298681654,290.2311183937821,30.432521297884747,54.32418021992041,170.7763171505598,153.039749639,930.332404359,248.28068313736,324.965006550125,400.68627814,330.089478286,155.985833832,554.70352633578,70.869579778,104.753292278,430.92810956146,431.243706614,57.267909789,350.632562535,791.435350906,388.767694811,96.434831931,236.34097390143,110.74891614,0.8351949,9.746162,5.7153287,19143.043000079233,609.9109516041666,199.06541196070611,230.85617548774462,286.9537574517599,189.22414941247553,650.0075458178762,75.27371989563107,515.5916529922979,55.48941929265857,182.733412027359,3915.9542445924967,113.50442296057008,215.67422081157565,168.0198810393922,32.869976124260575,58.207503479439765,165.62170945014805,48.66692841798067,149.195914723241,90.26839010603726,30.783297434449196,4.5562639236450195,6.042666435241699,0.40724822878837585,21099.4222586704,90541.48960185405,1816.9510780669,3019.572749592712,395.75169508904463,127.60383000136825,121.86043644098245,658.793269113259,236.2360874200304,1460.6898737679533,470.2597744171518,224.67638552203533,1339.1876498590416,127.17863149161924,2742.3910460858224,239.4396335528303,271.9004834081814,3049.928502558751,717.6594009083709,139.53616787377646,21.899274821460363,215.2620918706966,623.3648415616175,799.6707385257642,7831.111669313181,8863.808739730855,517.5741359166666
