,37184 dsm,37226 dsm,37280 dsm,41276 dsm,41278 dsm,41288 dsm,41526 dsm,41530 dsm,41538 dsm,41544 dsm,42514 dsm,42658 dsm,42660 dsm,42664 dsm,42704 dsm,42708 dsm,42816 dsm,43542 dsm,43544 dsm,43546 dsm,43556 dsm,43742 dsm,48639 CH4,48640 CH4,48642 CH4,48643 CH4,48644 CH4,48645 CH4,48647 CH4,48649 CH4,48650 CH4,48653 H2_underground,48693 H2_underground,48695 H2_underground,48697 H2_underground,48700 H2_underground,48701 H2_underground,48706 H2_underground,48717 H2_underground,48718 H2_underground,48763 H2_underground,48785 H2_underground,48810 H2_underground,63652 central_heat_store,63961 central_heat_store,63963 central_heat_store,64236 central_heat_store,64835 central_heat_store,65466 central_heat_store,65980 central_heat_store,66067 rural_heat_store,66068 rural_heat_store,66069 rural_heat_store,66070 rural_heat_store,66071 rural_heat_store,66073 rural_heat_store,66074 rural_heat_store,66079 rural_heat_store,66080 rural_heat_store,66082 rural_heat_store,66085 rural_heat_store,66086 rural_heat_store,66091 rural_heat_store,66094 rural_heat_store,66096 rural_heat_store,66101 rural_heat_store,66111 rural_heat_store,66113 rural_heat_store,66122 rural_heat_store,67211 rural_heat_store,67676 rural_heat_store,69384 rural_heat_store,69914 battery_storage,69915 battery_storage,69920 battery_storage,69924 battery_storage,69925 battery_storage,69929 battery_storage,69931 battery_storage,69958 battery_storage,69975 battery_storage,70054 battery_storage,70058 battery_storage,70134 battery_storage,70154 battery_storage,70226 battery_storage,70292 battery_storage,70310 battery_storage,70372 battery_storage,70512 battery_storage,70797 battery_storage,76818 battery_storage,76942 battery_storage,77068 battery_storage,77069 CH4,77083 H2_overground,77110 central_heat_store,77111 central_heat_store,77112 central_heat_store,77113 central_heat_store,77114 central_heat_store,77115 central_heat_store,77116 central_heat_store,77117 central_heat_store,77118 central_heat_store,77119 central_heat_store,77120 central_heat_store,77121 central_heat_store,77122 central_heat_store,77123 central_heat_store,77124 central_heat_store,77125 central_heat_store,77126 central_heat_store,77127 central_heat_store,77128 central_heat_store,77129 central_heat_store
0,-0.011624806226233329,-0.01958537028619338,-0.005080899837881438,-0.016953925687814807,-0.03440241693165354,-0.021205870079758708,-0.8975707131643249,-1.830685888628733,-0.17041538572489517,-0.06799844145120018,-0.4825122213938811,-0.021386373500951662,-0.0178107463801363,-0.020869801280646545,-0.04043104106358234,-0.03839105461185661,-0.04288097624226546,-0.01766160734386147,-0.01726904307598755,-0.12339233953515365,-0.025295488377031723,-0.022012253582657293,-6939.993418188393,-11030.286255505867,-8528.007933636381,-3027.2967425958254,-30899.70808070451,-40503.53676253259,-26055.937930867076,-27585.379004298895,-1355.9332577423193,-0.04876968879139874,-0.03946913186838756,-0.031519132960288056,-135.1368986304733,-1542.5915134119743,-484.936145707377,-1900.1880147928227,-0.07474981305451163,-0.2381490544225784,-0.04547694506987767,-0.02772561759849541,-1.9378136104751718,-0.06437678355029736,-0.04681592737705726,-0.07186933301579781,-0.06242817281521669,-0.058616033873359695,-0.06172082452141775,-0.059429469671429744,-545.1093566235481,-3.957701559504052,-2.3458674593637854,-1060.2198177274115,-1.5729247794053038,-746.5113000436598,-2.0830583047651055,-2.694238332858867,-195.4543940911239,-2.7940411510163203,-14.846733007231762,-20.533516190488275,-150.63645856511982,-3.982138311767462,-1.5719616634495321,-1.8026401413346071,-3.540877476345456,-3.0283050466049466,-0.9703370369326411,-1.9489172238626415,-3.9337919120970044,-3.9152159178377026,-42.645872619139844,-12.407640941998398,-9.130866614355181,-64.4015441166659,-320.37063904954994,-31.845642289012176,-60.62427634744963,-18.79362070899733,-7.741501951061946,-31.46299618908888,-17.648522782721557,-4.98642231492704,-12.576851836760397,-20.077469810684487,-29.961893348337618,-18.32231104341299,-60.238334326235055,-34.17654258948387,-12.636034481593743,-1.5408634125447178,-2.2198892807706896,-0.17756160115831818,-117852.05774428547,-2714.0010587239494,-0.04811382500983989,-0.048819615020147665,-0.04634005246263257,-0.04427508581674144,-4.133595645728082,-0.04724536958610039,-0.0472399003817061,-0.05088978551358343,-0.044067574582279494,-4.548101469108467,-0.04890831211307211,-0.052210682000646755,-3.512043496396772,-0.047746824110771406,-0.052605857106154064,-2.5779149270742336,-0.048309692777604066,-0.05301734918886782,-183.32589596493997,-0.05811702057953518
1,-0.011613329743005607,-0.019590586586940205,-0.005014885961350085,-0.016947996595077144,-0.034463726113532794,-0.021207215559880102,-1.0200815726506813,-1.8499359928837045,-0.17444199408505684,-0.06866486977163122,-0.5074528999692615,-0.021430784910913065,-0.017800619027730464,-0.02083373621114808,-0.0403989674927583,-0.03852685267270096,-0.042908924817696356,-0.017666218454040972,-0.01722830145438391,-0.12595968918519593,-0.02523390334698448,-0.021957478803991487,3564.32069029212,10763.011988974084,6610.9038503976535,937.1449795092922,41064.65632448047,-7581.285376634449,11338.793710757793,6953.842388680578,1001.2728302904404,-0.0485202070622341,-0.03870752433457678,-0.03155228453630841,-135.1368676048125,-1542.5914498384634,-484.9350452058919,-1900.1871598533646,-0.07444602323133705,-0.2376632805600103,-0.045452558321136746,-0.027097804910163604,-1.9377200016421257,-0.023362799307169967,-0.014703664148234324,-0.035561450901176316,-0.02426590471686072,-0.021640145696177848,-0.022385820744878427,-0.02363285610572983,-8.076291099397896,-9079.374240600479,-2267.4961958279546,-142.11524472832699,-1.2068777529003782,49.78219130351272,-7.910221434045189,-1.1503426615023375,-81.31018064414403,-0.8567780878888858,-199.42347676058284,-114.80367903570591,-13.695799751970867,-0.6773669465630888,-1.0101524122361092,-1.968794767827641,-846.4857543928063,-151.7851687179985,-0.42397186263194636,-1.213367181351821,-2.19397045888904,-1.751240377086296,-326.70710612635014,-400.57186394474263,-352.5831059304488,-228.91231108827196,-835.2804850263637,-108.94625387533961,-858.7367884542676,-60.62368201954159,-244.49884187555872,-159.61476212906345,-262.8662078252484,-212.9366551363084,-52.366991292523196,-62.22057172714267,-261.5659797985136,-70.1001324728746,-203.59303678280995,-137.16178363808066,-43.95230030424682,-3.6294620239329105,-4.989733008181406,-0.3131424599865255,-96532.2513770312,-2655.5882985450094,-0.018468430827993165,-0.019234594405935078,-0.018718536948850624,-0.016625619344410474,0.28973200694680373,-0.01546446899929852,-0.017347934055191194,-0.019127681107909755,-0.01614697984386972,-0.05018821995652445,-0.016972045284889065,-0.019893842460429967,0.1456605982060104,-0.017533540197479974,-0.01867755513805631,0.18714733789666554,-0.01872884542978428,-0.020834018154685684,-78.77904098135699,-0.023309705523991753
2,-0.010159670750465786,-0.017728901840183227,-0.004833996598610018,-0.013365699441676865,-0.025846580672669883,-0.017531235748113234,-8.695579641492671,-1.5378874139981888,-0.16995862941850884,-0.05490988289275713,-0.2911985611344912,-0.018674002414784212,-0.015554221766197956,-0.01706825182583129,-0.03136717040531247,-0.031403520077279826,-0.032551087076439514,-0.015485252130124921,-0.014012446440483911,-0.0993051319274418,-0.019921876269362714,-0.017275381941782103,-191.3699202388525,2314.360605018679,1688.4251158770173,-485.5691581701394,15487.674974803627,-17763.021258569508,-1489.1684999749064,-5436.223646629229,253.89984698165208,-0.04899247281361454,-0.03965784916772872,-0.03191452548045657,-135.13680099924713,-1542.5915388129185,-484.93563670574076,-1900.1871577676764,-0.07480640736291022,-0.23827994551499215,-0.045439239934491484,-0.025985120373368177,-1.9377046900301083,-0.011566160484552824,-0.007694321661226156,-0.025935165107315215,-0.013531476448710954,-0.013133943144430383,-0.012420747427382995,-0.013411598923249635,-18.440843863749706,-6.540264761976141,-10.860719700301706,-481.5904324073541,-881.9731625900155,37.086335846588646,-1367.716718031283,-1625.2579694956414,-312.5541199746906,-468.3108888191502,-3390.99383743066,-3561.533779006963,-14.479715504402384,-3129.4228454689805,-90.21863417564727,-2921.3536468319603,-2.281705182114274,-1715.1936459552985,-816.0248086222041,-1.979274152775221,-22.93429145013124,-8.555431014040789,-37.53362188240717,-42.63617563149164,-26.13111783046479,-73.68503609122563,-105.60634199423366,-15.300218982596562,-93.81532240678789,-2.8807412973175817,-19.858806703607844,35.069621895442836,-128.03575031263318,-118.73901431584673,-7.18393423900452,-17.531060374084337,-56.829049457579096,-6.8530584793988965,-23.672320822891198,-11.205203077636543,-6.907335518986656,-1.4130326057587808,-2.236777133990563,-0.1067977242681053,-48434.11248979867,-2647.593635781607,-0.010491706822068658,-0.011211124393289274,-0.011108447802793565,-0.009918476665910603,0.1986533162841134,-0.009035946172085774,-0.010264403813718658,-0.010577215749719381,-0.009644902327501004,-0.012553485283162757,-0.009767484788559034,-0.010718426810443615,-0.03152926178163824,-0.010619926494118147,-0.01003039313042715,0.1997320606006756,-0.009939033764140426,-0.011854893663004107,83.56534091452029,-0.013287839433466508
3,-0.010171499855037552,-0.017748328034161744,-0.004909640532045276,-0.013316602081892354,-0.025331042304139496,-0.017512421856501925,-0.69331872541769,-1.248870773779587,-0.1184994856850766,-0.0507395588340557,-0.16626158159282642,-0.018688550791725777,-0.01552970034322575,-0.017001688997763907,-0.030237644040792565,-0.030570208787415565,-0.03258219317694846,-0.015496823291951557,-0.013983540862950816,-0.08448710558555401,-0.02004612394986669,-0.017277704619508172,112.88423465937376,2332.8831182597205,2462.8183233460413,-388.12582894284276,19701.031577375532,-19453.173400063068,415.0800164848566,-4237.955983266607,423.4666558797937,-0.0491666570326915,-0.039518073975433055,-0.03186411227680939,-135.13656896636348,-1542.59158103441,-484.9355379235043,-1900.187114324764,-0.07524228603003565,-0.23861739858655398,-0.04554762434995112,-0.02787148922286011,-1.9375682916071129,-0.004988010920453168,-0.004198132873366123,-0.021112175190694128,-0.007170315388863591,-0.006677432321080168,-0.006340685685144265,-0.007156107051302296,-1532.1029871010664,-284.45470362185443,-10.325912239856553,-904.2351057752185,-2953.833155104375,46.96589003517147,-8.149832915754086,-4057.3841165268836,-0.7472316739172129,-975.1182367651329,-1.8502773952794087,-8.68418151539663,-154.95993634710857,-1056.5332986237634,-8193.316236430623,-302.00908848259024,-1.37046746244323,-8.45859921725787,-290.54541273940674,-3.183415523802288,-62.843744836002614,-38.56119808202552,51.74729441706877,66.6415926476955,-96.21718819493981,59.60490087547369,182.72179284295999,17.850798939337256,149.6169533267239,-22.212501127972427,-68.87296050787117,-22.410042220950707,45.742574121072536,51.515770381283076,5.586867059577526,-5.025912571240042,36.49802215365198,12.259048515845643,30.280618426317233,16.21000422392317,5.683503843376275,0.016404703931630137,-0.05424421738798628,-0.04942756519615728,-40067.96328132749,-2708.539323030901,-0.005396383241638924,-0.005791302463330128,-0.00604653272340433,-0.0054796569589854235,0.1147870695607324,-0.004599374579389204,-0.00560585331056751,-0.005337276172959526,-0.005439405093515803,0.04944665020473593,-0.0053345410807215665,-0.005464834675231156,-0.08759155353710071,-0.005973437219931455,-0.00524785583645937,0.21744538035122077,-0.0044363856042197395,-0.00608706433827434,71.45580705178304,-0.00726864314490745
4,-0.008678302929792747,-0.014726854379685938,-0.004387652832533359,-0.010398709169756548,-0.017014850775070346,-0.014149175102439737,-0.2608919650842608,-1.1143194459497265,-0.07043223275097174,-0.034813652045201725,-0.08917758392265966,-0.01387568957801102,-0.013449078939226766,-0.011874664296699611,-0.013803055361426808,-0.021927938850665685,-0.027349620816436392,-0.012178079968882405,-0.009593401032946636,-0.05101048718662184,-0.01582360512176929,-0.014767900612815587,8.385316641628743,2428.701336728502,2850.34834884312,-510.3972501314711,18031.44535523951,-14393.131096290797,602.1698028564454,-4224.394397397712,580.843295903271,-0.049717366999494673,-0.03994413810138546,-0.03220744664390338,-135.131996749312,-1542.588607215142,-484.93099828725974,-1900.1800343497423,-0.07559181533241315,-0.23794164513299734,-0.04721312114198391,-0.029387324423189122,-1.9360313182408562,8.313590159869655e-05,-0.0019321830560576681,-0.017824230214050683,-0.0020053032247868696,-0.0016067604627735266,-0.0013845467901373754,-0.002240129474595598,-0.22210404437937542,0.17947674030438066,0.18938477005904134,149.82126373661012,-0.020699558293563312,194.27961030609714,0.07424711285239027,-0.08666103623545496,0.8790629813919623,-0.10431493490286811,0.3065412785123044,0.021584861584415194,-91.7175903777514,-0.08578322898756596,-0.06853139212034876,0.00548316962303943,0.29160273204033726,-0.11549583643754886,-0.04371770386387652,0.10914094676223556,0.010966275666112324,0.03756934304713013,55.50976440221275,54.69479063176404,326.2898298192391,109.82532113227208,700.1632015217969,83.39225821805375,560.4511418929294,64.68591922765772,206.4897242564388,123.28547635869108,239.11671402974608,25.03412731277931,13.954269800494695,63.2402981791296,186.24356891753413,53.35045287588182,159.12015662174818,98.01543875329807,12.057898263211973,3.808784196440979,5.4857365264811735,0.22115637932763832,-41108.71426641345,-2654.553027416457,-0.0010336540290937335,-0.0010822133883006014,-0.0018105856394612819,-0.0014343863737468544,0.09073375518575091,-0.000793112446029165,-0.0014426722851118457,-0.0010826655430781983,-0.0016209552626174073,0.02542145179764006,-0.0018326628656421984,-0.001603703555310243,-0.0429065336135757,-0.0018825328211058978,-0.0005756483854140848,0.24205844921193212,2.5100542567380035e-05,-0.0012367852117844969,16.37889301348023,-0.002500510528992428
5,-0.00903631946706387,-0.015453560023064906,-0.0044710773004701275,-0.010822899206669756,-0.017977389681618484,-0.01468411039922749,-0.24901440234721264,-1.1164179605504898,-0.07014711405597955,-0.034784276103787495,-0.08885104792914725,-0.014952227389728323,-0.013797284639022366,-0.012565651815864321,-0.014878987230203112,-0.022813848337449393,-0.028548915361066563,-0.012726060221102519,-0.010156762986848488,-0.05081717547041764,-0.01624879074686538,-0.01514318556638613,-7306.342899383604,-11986.765772532486,-6916.025795050897,-2460.2533719978296,-28196.74737176001,-5958.946810618788,-21148.8900825575,-25942.12782718055,-857.7183605337981,-0.04962636706490109,-0.04018888358057353,-0.032829437766752886,-135.1329106634712,-1542.5887648429955,-484.9331892500501,-1900.183118712745,-0.07528234036876676,-0.23785913021351207,-0.04680810136643636,-0.02974680398224283,-1.9360396000697278,0.004731525801913839,-0.000541559466660313,-0.016336529349672002,0.0029588161838828507,0.0038003277223715216,0.003705033582631345,0.0025136431227380297,-0.38986460310297844,0.0066533182354760355,0.02370999819613644,-203.5496443393895,-0.4271764381606772,-1107.687623396144,-0.24961473834027856,-0.40967451098767926,-1.2491029537672147,-0.30416550030240613,-0.7362238013003661,-0.5342223768588156,-47.45307448646472,-0.3678137929477089,-0.29430856014660095,-0.3810323793470161,-0.02039155098846095,-0.9575564069215033,-0.2726219543368643,-0.4737214086824991,-0.48563668642455016,-0.49119393266892075,-106.91847865453602,-94.72137845053949,-403.668022116879,-158.98792876895314,-801.995760832075,-103.94131903237285,-685.5208163221657,-80.89356304525427,-261.2677295642381,-159.77520355597443,-282.6370585929617,-45.934471809702515,-25.943506765253733,-79.8955530018964,-239.29108212838764,-66.74240667429804,0.058794229400518816,-126.39521080942214,-20.93429097963308,-4.038843590050556,-6.3380612780961885,-0.27890404641678684,-66156.13642698228,-2686.6065443633356,0.0035677402616065335,0.004640541814068744,0.002636704003442114,0.0032330530493062115,0.00319713504265664,0.004028907007592697,0.0030364058677345707,0.003256449708363329,0.0031347388252569997,-0.09826684534025816,0.003116631840297768,0.003449871366769497,-0.02677097131108397,0.0033341099389341934,0.0041880993451061995,0.26536876094325984,0.004475950587854128,0.0040167956944954005,-151.01341398324,0.002066752045034903
6,-0.0075463586120072205,-0.012023912171499451,-0.004034471375086996,-0.008724555349919205,-0.011091894103547873,-0.010772855172010497,-0.008782540022795614,-0.009925989312698391,-0.011707212007726397,-0.010299795058346061,-0.012135809887735504,-0.010610699817977687,-0.01187004636576523,-0.012548978122963827,-0.012515211515688485,-0.01076811507330162,-0.011136407566887163,-0.00973868836395141,-0.009515425048802328,-0.010006437354305042,-0.012122889242848989,-0.012824961787303612,1831.2070625245572,10125.523158788961,6280.203776156157,2050.18570711934,37368.103375454244,10863.746525603532,16239.271307121217,8159.05056706667,1409.4752091880887,-0.031447906291774075,-0.016603793480920004,-0.012186074654299616,-135.13207793557086,-1542.5826570446195,-484.92958488856095,-1900.1792269284779,-0.06024812138463531,-0.22885267444568172,-0.019475527173255715,-0.004888113760111423,-1.925647865603827,0.010203681408638721,0.0033986307835545014,-0.01343668328813039,0.008934047909376786,0.009015390506232412,0.009070736331619988,0.007590487986337768,-0.08942343993257965,0.037232947968004734,-0.031481661379439176,0.18900354928227897,0.0866265023330925,0.1812038842454058,0.09875620289949438,0.04796853922307491,0.1394432008854892,-0.04233852046709217,0.16660317810237757,0.15879337039586972,0.13976652010442195,0.016926541652355808,0.07653333766793366,0.14894290535630716,-0.01475106567977491,0.15266853572320543,0.023367023511855222,0.1379418195211713,0.06937024360679515,0.0850762604312422,41.01461857486574,38.679630540571814,59.88451808358805,34.3468506072546,126.38942067619936,16.920760040134336,111.69740540847415,12.323192888907215,39.040298012491256,21.389669708685688,47.42516260743578,32.436769735363484,6.95928984189959,13.148849618040185,36.832105682205295,10.001785379238935,22.979833833497104,20.05761687665581,5.996226596720589,0.4803401984089305,0.9106082036458247,-0.05248751926190778,35491.04871095121,-2502.51057839297,0.007772793101517017,0.00824252201781418,0.006889543271539744,0.006236167974598805,0.027759512978821732,0.006179266132297856,0.006826807195171347,0.007887982340230726,0.006204691922679717,0.08170993780635741,0.006877813721963555,0.008180410517338376,0.007193077631811207,0.0069582450824210666,0.008041025919802325,0.314271937820042,0.008873831533103626,0.008403420918988946,91.43300111936898,0.00626396048339487
7,-0.007723081095122775,-0.012040741764848973,-0.004210367071567228,-0.009006114944163156,-0.011430070324949804,-0.010236295271993656,-0.008504038639691203,-0.010177700829147795,-0.012017699881430133,-0.00971244769077475,-0.012528875320851184,-0.010975172956257783,-0.01149682722090164,-0.01177578441381033,-0.011613798177572332,-0.010157676933863958,-0.01142140263696927,-0.0100817144040674,-0.00870174075183604,-0.009473059739638235,-0.012605424422774925,-0.013412848948593004,-1943.210580983758,4267.599816617556,1338.6738061651588,838.4309398273472,16774.734031039476,-5370.112196152657,3680.4377240404488,-2207.7563353948294,408.19437255337834,-0.0326164248419019,-0.019585304162996663,-0.015030214188910661,-135.13384953918722,-1542.5760276110727,-484.92339054455226,-1900.173278626299,-0.054749414185462794,-0.218527383376032,-0.023976607601059997,-0.0017215491734164702,-1.9167322544813203,0.018734660228656073,0.006764358690977634,-0.011780722707853242,0.018061384265975512,0.017728032796125316,0.01760587100441343,0.01667540112593091,-0.9633599146549386,-0.42132775454228977,-0.46298183579929175,-0.2153962008149392,-0.25337491663885886,-0.21032933630849585,-0.21310759465868614,-0.2766779643257905,-0.1658628377786954,-0.4458128582886275,-0.20648569402619615,-0.20688324110524264,-0.16283624612715358,-0.29989758332812927,-0.3220382985571632,-0.2295605194682139,-0.34714850868531355,-0.21543476304177603,-0.23296731604496018,-0.2832980807108328,-0.23696833204967332,-0.2482635074596601,-18.539954445934562,-8.032975601105136,-21.160833767999428,-17.525870262956595,-61.137223831910525,-3.965134651162953,-54.09435615764232,-5.073560516523503,-12.609413433104056,-5.573208678332594,-23.992870111259982,-9.228379230112477,-2.038744767408025,-5.048738783096269,-8.577134646817285,-4.025599299023088,-209.98182079119215,-6.970057537109824,-1.2880815638629428,-0.14426243558689295,-0.5007061117883496,0.032752435673992865,38811.972017884254,-2515.4281879206364,0.014986846201682535,0.015742714055970365,0.01366924303825695,0.01231331523974043,-0.14378540744595938,0.01368316337711598,0.013258477380871759,0.01579820268029062,0.013251782511399001,0.013628843176407912,0.014422582103354054,0.015843186919703288,-0.09370550961395878,0.014225344363927573,0.014882953620551231,0.39637927426200986,0.015497404221513389,0.01620078438012821,53.50424174553348,0.01350030687422855
8,-0.0009921067074500356,-0.0009039839695336837,-0.0008901005453229305,-0.0006822053243280779,-0.0008307378108860286,-0.0006117171758254659,-0.0012005446080792126,-0.001092312881378632,-0.0012397799571404633,-0.0007728200257913987,-0.00103441052666291,-0.0007117827775413143,-0.0005621227727897304,-0.0008705283953307941,-0.002257595348601793,-0.0007238588544096203,-0.001070829651569838,-0.0006840198923605989,-0.0006929728576071436,-0.0008291438026890141,-0.0007049042214424484,-0.0006571285859122922,-1843.6058954402804,7683.730181874707,-5243.262046903745,1186.3168946633582,27326.388893033563,15289.64858571887,8546.262967191637,2748.0657467801125,427.7080316847656,0.07549814479116393,0.05243913107025033,0.03491278133225393,330.2524666042256,3085.152009854035,1185.3343391670903,0.029258966725319625,0.12895732154285647,0.4508147166156057,0.06114827690280293,0.026740510343626945,3.2124945556273756,0.03670847922287353,0.011399032843769951,-0.010461159523158958,0.04125891778063308,0.03805610779042977,0.03850843810220439,0.03922633135582131,269.43514035822807,0.050704940092691685,0.022436573893355672,0.021063295720159657,0.09404431627190206,0.02646765438021248,0.027462264169844274,0.3858542307643802,0.02558413982478669,176.2995190952917,0.02586579841154162,0.02668182030101889,0.022722651560434314,0.09849004483185127,0.10171500580036082,0.04878018010313099,0.016105439990315062,0.017685981991962762,0.15816422870120733,0.04055152157573048,0.06468372887620717,0.08268463483201458,112.54627663937136,118.6288396619595,153.03249856748153,103.72734827680252,341.1592070358689,43.32420685237448,298.0737093831587,30.349189856688827,105.58211625420809,61.45455771482521,126.91357913715038,198.36092160245462,19.29455912647227,35.82683615336536,94.69342805413763,25.94726935296494,84.40189258023675,53.918163587384335,17.885112108055544,2.2231258351044745,2.914560045019607,0.2513176012248948,32613.253645068406,3847.6173271820708,0.030536149763177995,0.033672628995304175,0.033320851886099644,0.030537208409458606,0.1171554848616502,0.0319024381202471,0.03153219469260817,0.03278297693703742,0.03164765401688201,0.09438192982358089,0.03568819426883994,0.0355281814515131,0.0784184046671669,0.034772180326696774,0.03563538636751888,0.6799348501881252,0.028866781339583907,0.036897505473562,94.95741326520934,0.04258520267289082
9,-0.0009481453687484765,-0.0008618840410894891,-0.0008585189260559345,-0.0006688409143279061,-0.0007819110374677418,-0.0005920441417759826,-0.0012012500773877833,-0.0010425064818093688,-0.0012132821163633345,-0.0007505021361711606,-0.0010072910542461954,-0.0006886725081543422,-0.0005433725753790197,-0.0008004192140285138,-0.0016868342215532683,-0.0006979603255182987,-0.0009742125346717589,-0.0006658616323685917,-0.0006702351404180185,-0.0008092758759497443,-0.0006775743196940853,-0.0006329748857194061,-5326.108176127076,319.4735044034198,-2908.059342681058,-226.76003291443922,4642.407622642815,43318.74882747307,-5004.53301897645,-9084.445102942735,-814.1578051429708,0.07547195128909631,0.05237199118946219,0.034853596484355084,330.2527106504887,3085.1520863667597,1185.3353041626774,1291.1020865928556,0.12895990709213337,0.450721801538328,0.06107985114494881,0.026783725791696078,3.2130491848055955,-38.92342229264035,-0.6906839915983015,-0.009313932687372484,-42.67214177613027,-42.50752588811558,-41.341191817800016,-55.92435430610294,224.24630423297768,168.03386890615656,0.0006450817869335879,-0.0013575914861576166,455.39779811161935,0.0015766501595862793,0.015387502107114415,660.3923194295851,0.012076777116635639,148.94777536309667,0.02561796077352483,0.032734273526148175,0.0045328305674047446,489.79145935095147,1.5904638905616593,0.050058099838497586,0.02025025318180269,0.011203146553816623,130.21805238965825,0.9858159359698178,11.142288429303164,6.495229950997651,145.63050343695357,156.6377701814723,204.32510223594144,131.8508483424477,443.3260264364857,52.04870820920114,364.0452994711726,39.49557159147844,125.92558060888405,77.51589981148864,160.1078778578667,-7.516060545435176,23.634330032537946,41.191374995359,121.76214999745862,27.412690653272875,108.06511569235663,59.98503405247902,20.56270943254058,2.538200212879178,3.6791404781984283,0.2054300985866746,54170.640155720714,3045.1949904250505,-33.655386911209106,-36.45475491954193,-36.24392227601425,-30.18916196551343,-0.003908937763684861,-29.50019676302471,-32.49817187246762,-34.31125634310048,-28.482825222808163,-0.009830216287350169,-29.12401968623101,-35.83301185705048,0.010097012174232135,-29.693530154124677,-32.32547094200479,-36.47457580304184,-24.322620299696663,-38.135108099947416,-69.01502051244354,-39.27154014637817
10,-0.0009766723120758658,-0.0008898613345132977,-0.0008803875382671023,-0.0006972235137124416,-0.0008069866988223539,-0.0006139810048513938,-0.0012019957117814783,-0.0010604335237601958,-0.0012292264664759856,-0.0007704663947766921,-0.0010253500885980316,-0.0007128884667788604,-0.0005643453616409166,-0.0008340744043503267,-0.0017065750664687629,-0.0007198989908675735,-0.001001820050725488,-0.0006910658803638281,-0.0007007757858572105,-0.0008281310364884221,-0.0007007212037960286,-0.0006564317728811276,-7660.452899065614,-7375.6691187560555,-6708.246397077479,-1988.4185785495677,-14407.382212908566,6458.342417344451,-16798.12014692426,-18734.031596706063,-1530.9632379997988,0.07528958092588525,0.052230700343810096,0.0347196886154638,330.2517406156254,3085.1516851368738,1185.3330323419098,1768.7720777005597,0.12873808023922068,0.45040499019671215,0.06088234737461669,0.026793578823164486,3.212564758319479,-204.1328070051833,-0.7271627274215563,-0.008627650190867354,-213.9790350399923,-162.01984196103044,-200.49335675234525,-183.19399477573296,143.94648497290473,0.18429918237234233,0.014801482661641784,-0.004064467372882063,279.39247376487657,-0.023275399500562344,0.0035583503553425545,459.8979125350059,0.004459300388225529,101.84351715312678,-0.0012846056764828973,0.008001550715562189,-0.005351661518398032,338.9568103264595,212.4932894127036,0.016203738257900113,-0.04398669398069614,-0.014840301966978586,88.01536990414952,0.6482511295098746,1.5838634598177692,3.8393242329268786,-255.86736481386032,-284.92160757639505,-377.957035947479,-240.555349937726,-812.409037746556,-99.71185414151623,-688.2875498379493,-72.92052451469245,-237.85882997919398,-147.98545260796018,-285.444031345594,-193.1920031811591,-44.280856267745186,-78.23758606630108,-223.46260211130283,-54.54787204014902,-195.42496227496304,-119.12833188531003,-40.54122803644259,-5.663180273918465,-7.256166593265538,-0.5222811106295154,77390.29329732657,1203.6915092334152,-182.20160528100024,-168.16207470587253,-175.92715204150127,-181.8886499755804,-0.1186352912872067,-162.1380445098548,-184.4578334243963,-186.10960036720272,-175.41821304434228,-0.16545123918069465,-176.52472421913617,-184.20222845710663,-0.04480284489658146,-172.6253111811904,-184.05404528804644,-167.98231129622874,-25.954443342331587,-182.88668574949708,-194.73541142120445,-209.44225023006757
11,-0.00029508059617811,-0.00026444829157823424,-0.0003096558012845141,-0.00023085819945918297,-0.0002189923025585516,-0.00021436817630160476,-0.0002515862790943402,-0.0002295275099072569,-0.00026591751162428066,-0.00021864566732632262,-0.00024127985325961276,-0.00023324958929225038,-0.00021317515280685483,-0.00022815049975761782,-0.00020580418293936198,-0.00021576529920919185,-0.00021996913059902924,-0.00023258656950015945,-0.0002181387133044499,-0.00022538120425137366,-0.00022594266541140496,-0.00023068017201202106,6608.260760545731,10384.537751638703,-3917.863621417433,1149.3222399691585,51881.336753691736,31936.986491671203,15905.299436296522,16123.864778632298,-1131.4107377544046,0.07913447155011255,0.055922811775388936,0.038009151952954845,330.2580791810935,3085.1567711039506,1185.3454048207,4130.367650899541,0.1326224802276803,0.454252042048325,0.06591787232891555,0.030659690442245414,3.2200541994886747,-0.10651034468392026,-0.30834980023533093,-0.007432325245560501,-0.11612368824439727,-0.10664997677788506,-0.10447779157916556,-0.11603540454793801,280.10766548119955,1802.9736898062329,445.1650094360131,519.4312743258255,579.1245284466077,513.7776624050846,263.26171853288963,852.1450562342346,117.73726619073759,192.96968455653678,712.5754994564398,716.0357841158063,94.11039807556736,631.6484011024968,1519.0167780576194,610.9571734932549,167.83591185224378,367.5487027141409,166.47760054717884,1.3762740382560055,15.01138056845998,7.998201324691178,273.0703455845563,216.4857164857429,464.48157302201724,170.02858047796036,962.2482279268268,113.94093449684878,849.2695325866807,81.17077561061888,306.9582910167883,175.0015281548105,341.7364014438223,24.15535671559628,32.44167898504238,86.66598842484345,270.333875627775,73.23618182907231,230.6444681398687,147.02595736866496,24.674868483451064,2.9606000933236603,4.098680467951999,0.23615018496344078,487594.30461398663,4959.764941759524,-0.09798099336326231,-0.11039536837827199,-0.10408045247604605,-0.09242117930266432,0.07166817527228915,-0.08828534190633945,-0.10122385497070355,-0.09939631515971996,-0.09374217903464341,0.26484060940215814,-0.07723420853653806,-0.11286099015455875,0.1964854051002561,-0.09956592532439572,-0.10793672404497556,-0.11729643667756591,-0.138222102269674,-0.1204312213803405,-0.11345756284340495,-0.12321587828955671
12,-0.0003636030248500788,-0.00037247373057087697,-0.0002016597081040572,-0.00027041901749496055,-0.00023943643303301343,-0.00023503601812289166,-0.0002809447879627669,-0.0002617417620584206,-0.00040798556841856735,-0.0002477630795949981,-0.0002767943876946788,-0.0002687587067901509,-0.00024838200558046085,-0.00025591425972966154,-0.0002409370063961358,-0.00023794189970449686,-0.0002494041951306869,-0.0002603295912765091,-0.00026154447913693255,-0.00025135704218053333,-0.00025067220291743466,-0.00026132549404509484,4406.855056267977,4259.208417363558,-571.1233261516318,1052.490246731229,31272.620119918884,22434.213790146263,5322.57269013822,6037.549990553782,-2733.2729018184355,0.07913300758787808,0.055917593170399904,0.038009109793515884,330.2580894029801,3085.156773641915,1185.3454133262596,4130.367731941786,0.13262141789624876,0.4542517526962328,0.06591465824607283,0.030642688483040813,3.2200594642711082,-0.10666988675297943,-0.27714665743751077,-0.006504341762577859,-0.11867984933996922,-0.10841853229662775,-0.10357042501600518,-0.12216529246857136,222.75880076320135,1409.7976069522163,347.1617477379608,414.2406768796136,462.05255301128784,408.294889072927,208.56908827171955,687.8192448456833,90.76019600616414,154.43878905308384,555.0533147125982,560.1752848270601,71.20524017774838,509.6814963168141,1215.8770423137044,484.2172698825845,130.42355628986115,290.647353888181,133.5416343300695,1.0885305747129776,12.138592831094524,6.479066630975916,-255.4704311190115,-155.95593577547697,-489.25119582945626,-100.63005422345013,-1110.6604342906357,-105.91274666493919,-919.2197067911736,-66.99008064690243,-306.9772152750578,-179.48043291260547,-383.26259972226546,168.8376556946925,-2.0380579234659306,-80.07931828923537,-260.73947844880456,-66.20091479735238,-245.20896672644304,-140.85551914649915,1.5750497584813274,-1.4495444849660089,-1.991748773751533,-0.08566841284095687,444120.94309894444,4936.854705996695,-0.09956816435301334,-0.1077351334017294,-0.1026033975349037,-0.0962469849219815,-0.04320711833887429,-0.09140887050630227,-0.1010032167465397,-0.10008270917937807,-0.09781507834636613,0.10289232857235434,-0.08256849508716187,-0.11102744311729111,0.0023332002487642,-0.10029075814377393,-0.10740115876810705,-0.11510461922125614,-0.13469677153720455,-0.11973502292630656,-0.10899871608262401,-0.12146642648835951
13,-0.00033812067873612017,-0.00037024376899859047,-0.00033930815191108855,-0.0002705406078451489,-0.00024766748835602925,-0.0002348372867470916,-0.00028193574735553285,-0.0002617772088072456,-0.0004038556175608221,-0.0002489285642579553,-0.00027657146905291086,-0.00026944874612253587,-0.00024853449362147726,-0.0002565445360052987,-0.00024135417713764263,-0.000239118912692593,-0.000249617541578262,-0.0002605401028385579,-0.0002620080439547534,-0.00025135146849368794,-0.00025002775063869275,-0.00025978551638818905,7386.434141634405,9024.017663785164,1948.7342913182451,995.8880443020723,48821.24154494256,63899.80788146406,14911.173163618147,14465.766445422172,-751.1739503043239,0.07913032282958828,0.0559159740064068,0.03802009308206156,330.2580699590377,3085.1567675259867,1185.3453926674424,4130.367637346991,0.13261862787032416,0.4542435421452584,0.0659134701880518,0.030649087568928125,3.220052012871733,-0.10891786543807029,-0.2455332550064558,-0.005533289870328017,-0.12217043848368121,-0.10919084992067382,-0.10845869094441696,-0.1273751975034429,267.75753230525515,1712.5226601487018,431.2933742100895,489.83638927945066,557.95037641751,489.1285685140342,253.13964014997927,811.2217568896642,109.9585863153346,183.8035426577225,667.3401473366445,679.3857291231197,89.80978962875766,598.0584759153214,1438.6828983373393,584.2535576947469,160.5727339347086,348.380415368124,159.68777580877676,1.2117897581162596,13.86416144576081,7.702402450935719,242.4709433005308,205.1968511778745,409.28546778921447,164.51934121739177,861.6196842663019,96.65783563736186,745.0199409391614,70.07315533136025,260.8321279177966,151.84476454712058,307.5713330563507,14.961135054811894,25.048878376885842,75.35346105009448,237.32689422153635,62.01373983533449,98.22390908478629,123.57644346673843,19.09952053711877,2.8232365461997917,4.080011176464154,0.25239137146370183,520736.37125285866,4943.426931914466,-0.1020644869145599,-0.1116816064808063,-0.10569324050757131,-0.09971943515579369,-0.019479995411901995,-0.09322854746037593,-0.10363457322773684,-0.10343674018790808,-0.09379956114200923,-0.021847814142110168,-0.08463429538533092,-0.11363420042343933,-0.009987872887679572,-0.10133118472660954,-0.10984820777562163,-0.11840528069951688,-0.13505901880265583,-0.12283746105495083,-0.10998843794354798,-0.12400868569802696
14,-0.0003807929822881029,-0.00034130374313083854,-0.00039751535626492693,-0.000283550543871125,-0.00027744447634008295,-0.00025669559057168724,-0.0010762591633266538,-0.0004379075476265371,-0.0006858248648706322,-0.00035488925747197977,-0.0005205113664334959,-0.0003063074766140872,-0.00023964672074150428,-0.00022827796679891765,-0.0002316647123430826,-0.00030129638910119104,-0.0002829701171485954,-0.0002969395201345426,-0.0002305732930561355,-0.00040938452691312576,-0.00029240271717425605,-0.0002803869496514899,689.7299620449543,-8313.301145069021,-13895.947853265889,-2038.594523842819,-8997.621761386097,31821.145897156,-15041.762293438613,-13836.221723607183,-3459.8032025864813,0.07806527987526017,0.0545504354046308,0.03647607470939569,330.25799371397716,3085.1564285957475,1185.3454071900633,4130.367536111345,0.13178884291155518,0.45374050718325093,0.06485607923690502,0.026605651374547533,3.2197398268180906,-1.7070185348455198,-0.6033814256849219,-0.004421268981769,-1.6946784041857428,-1.7802138031971482,-1.7260286383552284,-1.7892894739814893,240.36175091959075,1463.8834677331047,373.3003985991369,437.74133709312065,503.2462332566038,-1.1066983547006657,226.33347111470948,736.5127639997402,96.74553399920441,164.80451021809054,568.1237209203646,598.0139622988405,77.60980223607991,541.1176405253943,1295.2552390252397,525.4455593168999,137.43330486567947,311.61891806494924,145.15787126470713,1.099093332703496,12.43422147252482,6.981854244943165,55.2627243601266,71.81987334301667,78.32207651486678,-266.3630019609729,200.0884620241821,22.162227892756345,142.11997871282801,13.024213585502002,51.71958309532492,-168.51741650459007,61.33757488608826,-154.55756562135647,7.601239326746691,16.804791968278003,43.67815520033328,-76.79635073466561,26.977014861330098,29.48080949343639,9.83893123771595,2.0167343935719826,2.682594757907873,0.1255535657473814,402382.54432415665,4851.898517012775,-1.7279354404793594,-1.7456537589551773,-1.736364117027233,-1.7222742750767792,-0.12703098099309784,-1.7889461178733428,-1.7284947351144637,-1.7465827736118171,-1.7176557727080535,-0.1720082038389748,-1.713682100903179,-1.7876464775917156,-0.13155670637158323,-1.7427615108924328,-1.7903253155835501,-1.7715616326987402,-3.164160767418724,-1.7556860357477944,-0.8179389455597175,-1.836030008186981
15,-0.00038924539781667324,-0.00034887767012963254,-0.0003990322201846419,-0.00027743011931655734,-0.0002792926435325915,-0.00027000327220969564,-0.0010818025631778028,-0.000427483166311049,-0.0006868457018889274,-0.0003604463528851465,-0.0005272736186121563,-0.0003040900757950604,-0.0002538946056949376,-0.00023578652825524405,-0.00022976308908453368,-0.00031313203933138747,-0.0002737907322356126,-0.0002938701727403403,-0.00024224042049660887,-0.00041525356756366705,-0.00029224902297650954,-0.0002821731962819651,-140.79597732126712,37.27943501379341,-3514.538023086451,-1894.2489440740087,10466.113079544157,-39659.329793339224,-2113.919142059982,-3281.1662651438264,102.76575092873536,0.07805447486395227,0.054534519252657176,0.036499990976077964,330.25798669968526,3085.156433235991,1185.345420370741,4130.3676315682505,0.13177568167275594,0.45374315705531654,0.06488505022956445,0.026661594637256945,3.2197596847888335,16.082875840896122,0.047034356322588525,-0.0033177662707124522,14.821144515277183,10.742239228930407,12.559718259792817,13.477155299668357,171.47179396726648,1060.6867085180834,260.38110635730766,291.85723775055567,376.29663283440823,-1.283988622354491,163.51305720173818,564.7699806318918,66.52699364993876,122.71235270979585,419.85388110995837,435.8956915708135,52.84614953082222,411.7569862833011,980.1072596861197,384.8141493673171,95.79169789887337,208.87741637061157,108.86054156470418,0.9034806125359417,9.798671484293772,5.059354175585716,-432.0631870292491,-469.07431084844865,-629.4714991748915,-75.66111260867619,-1277.9012436067364,-172.2834982601409,-1123.3713726825576,-128.65205251331318,-425.97829939720543,-48.10867885241096,-474.08664761730614,-176.0626877328279,-79.60367833342225,-134.3782582757205,-382.4647978918787,1.9200021266111436,-94.97353319612958,-211.20467380460178,-70.82118153748578,-7.359680127503839,-10.018692958470023,-0.6032278958409165,-28561.593412533402,4870.068178144819,14.328396762778471,14.512386825632484,13.511587732219187,14.545575473947656,0.08013572621879064,18.419552172478188,14.298276614640463,15.016194705709495,15.44825850964844,-0.03473162056316852,16.18481226574004,14.314151069921763,0.07820491563107054,15.61174059887055,15.845575031330872,11.440419571819074,4.736541352339242,14.659966546933129,13.244497113115859,17.409229273020536
16,-0.0004495176141500523,-0.0004617332190730572,-0.0002259717181039733,-0.000305991034695241,-0.00030509397121039063,-0.0002748201732333699,-0.0008322166696544287,-0.00042589190102120255,-0.0008220449788513661,-0.000375564809283091,-0.0005242691134618837,-0.00033439077284809217,-0.00027535660859314694,-0.0002478431082853616,-0.0002585888245193235,-0.0003133268087455843,-0.0002956041585220781,-0.0003028622283718363,-0.0002712437200059981,-0.0004164926370407329,-0.0002993932486909046,-0.0002968710969917687,5522.261564424634,9470.83102495335,11844.712684212998,526.4086680335458,48609.37158590481,-11408.21504297629,19246.421724712847,16176.576393802092,1333.9303825697862,0.07831346808324166,0.05489198929493533,0.03696886922940586,330.25800461999984,3085.156493038966,1185.3454178332645,4130.367605811484,0.1319668832342394,0.45385347256816766,0.0651028224791375,0.02825595799091296,3.2197927508765973,11.130141636825282,0.12720577118675216,-0.0034258619275661316,10.233259326850384,10.625299619881593,10.6815369781114,9.627425113344497,285.30141402944776,1756.3808416434506,433.96122073954757,488.7824114972733,625.632613456002,117.28678524107401,271.27709001845267,914.0525347031128,108.68587526706169,202.1500417502681,684.5753987183999,716.528992626555,87.35717993274673,670.2313216321968,1623.5878365509072,637.7740380139775,161.71392509178165,352.50529272705955,176.3646407488011,1.4627438919317552,16.501829025814995,8.751750710623883,358.5039942179152,382.8354785335061,525.4525088094554,327.910326707951,1020.5330174484232,143.55994135840737,931.3273704300198,109.31305019848696,360.02645284422033,208.56458740703312,384.53900840908466,326.49421788035977,70.64333572480191,112.39531780675134,328.30016601827083,71.44430440018368,175.6734215114637,178.55583433389475,61.0038123953178,5.43934303910371,7.707687847646002,0.4563660648563541,-41912.60874089003,4970.027112486762,9.363263140310618,10.507438496759573,9.50375669925163,8.586503300158142,0.005448619986430714,11.908888086483921,8.309575023853814,9.705350014229907,10.136736180969478,-0.021510571270929545,10.485166765183475,9.889881980945711,-0.060663492914221705,10.382250171579154,10.399641938553327,10.91444088345445,3.3054419620316593,10.37011930514159,31.097319680491136,11.560399609610021
17,-0.001541370957017052,-0.0016037973816947382,-0.0003622465319020218,-0.0013573744809394662,-0.0013556523833266887,-0.0012546264243780802,-0.0013318052881928111,-0.0012923904491145776,-0.0020430853970268004,-0.0012727996034121337,-0.001567496447908212,-0.0014114439193807283,-0.0013885278300442617,-0.0013859407237885035,-0.001398712582934758,-0.0012360836445580946,-0.001361368016040565,-0.0012985407595830889,-0.0013542557718196457,-0.001265872762191922,-0.0014097849541481855,-0.0015286084442533098,3694.0460555315017,6533.291228924039,6178.356861239858,27.507584250811487,33533.286356764285,-19025.67675891146,9938.446473935246,8277.52011581622,1181.5583216779864,0.07295158134531458,0.05054872733017337,0.033779951231240266,0.08408295241209425,3085.145207438097,0.05337749421969169,4130.356356735454,0.12557252809438574,0.44547684731717724,0.060444444058265566,0.02615901774086673,3.210143145037661,10.809498426775281,0.1568423543818888,-0.0029322814789964013,11.276532221844809,10.441566720052993,11.214842349512082,10.078828869657082,-0.020334350722043527,-0.03936154023789655,-0.031106072054511057,-0.02511928066637928,-0.02124336430327396,-0.029892861503928697,-0.023464998991852292,-0.02856205066880822,-0.017123551452341103,-0.016969254278059315,-0.029958397478229704,-0.03376730921267147,-0.0172025459644636,-0.031566500952376605,-0.03894474622803414,-0.02597063665594538,-0.024148810167659834,-0.02522412975702203,-0.018838285607357463,-0.014094343695930513,-0.022966399937754876,-0.02580725021260478,-328.0735847208125,-360.9674100924327,-481.7296927809177,-298.76646509337877,-987.4307942092244,-132.2063398037557,-869.2341179163893,-97.51260396928483,-324.54889353888575,-199.80025053459903,-359.10328837179696,-311.8233076570381,-61.683155339477345,-104.44559744770959,-296.17743798512674,-84.25952964278403,-247.79351614280532,-167.29441710281827,-55.746039471148286,-5.8306923910358135,-7.9846455299589705,-0.4561155531511275,-54444.09869396091,-2277.9002353854603,10.482742028888243,11.17975305633895,10.176339683295009,10.12060297716705,-0.013123691681976624,11.36375366213897,10.484159037414793,10.28346983065585,9.48880179046921,0.3397821227825787,9.816731069339903,10.40266668628135,0.14922615041244852,9.331895826444612,10.28187839396428,10.649890736464181,2.6971482648917062,10.720665914022174,50.48009200353795,9.696804988023313
18,-0.0016214476363380248,-0.0015529669260820667,-0.0012963300321703786,-0.0011023307422029615,-0.0011540788898756426,-0.0010712424879984583,-0.001136743671222007,-0.0010763991105349647,-0.0014006826349557855,-0.0010692521520045517,-0.0015819824025673057,-0.0011234575559022186,-0.0014642747929953348,-0.0014111353523632575,-0.001465947453572669,-0.001376602684685624,-0.0011242598110867252,-0.0011176006225173118,-0.0010703528041430487,-0.001084291725978659,-0.0015305819682113419,-0.0015916886272158814,6793.224707603455,12320.881937815622,9191.38647863362,1219.0629972160327,54266.46718526781,-10877.958021746575,20375.861320765318,18820.879478864,1926.9732731766533,0.07334111290396166,0.05089550094681901,0.03409272421194629,0.4191198269871193,3085.146486103554,0.15638802826754555,4130.357797579005,0.1260791860990574,0.44638416634083855,0.06075970204320065,0.02643559336552368,3.2110001600439526,10.46476531253884,0.14148600761362182,-0.0021746295850779696,10.630051000371214,9.596817693851744,10.58870134246747,9.881186391622009,0.023258451814965886,0.043512280421260804,0.03652384959855483,0.03082547231165659,0.03019565220224879,0.03665325711670544,0.02813745222161839,0.03827875002584403,0.019210992671762777,0.020037719748994293,0.03693973653508621,0.04249794453468721,0.01870111811784094,0.03857068709788104,0.04600400331239258,0.03509871288813337,0.025952767811672495,0.03005126029842898,0.02401759057935456,0.02809322583440787,0.02596847149946757,0.03074587524759334,338.2977181088223,360.52427964276137,492.0836323330121,298.50997889427526,985.0430637024081,132.255095039968,876.1891003708151,99.94782795086321,330.35066679597367,192.20508683922162,373.3197210658385,283.5755281319871,64.99258006595628,103.55504508273225,301.5307074743614,87.06325704315168,248.41393696060112,165.54876588097977,54.039854307470705,5.044817337189807,7.0474778602628705,0.42894706301844965,-88502.2674326092,4929.854955238222,9.757347353573754,10.583658142322179,9.560138668790136,9.681960183910906,0.0217949966995441,10.504184463266075,9.911276862340014,9.646198237166185,9.29829311356275,0.04161465939717246,8.534858187928808,9.901820520584533,0.0033064844346327505,8.77964943278721,9.734817668959385,9.927553939892459,2.4508874464342,10.03024534859228,48.36120920152293,9.422306867732186
19,-0.006609875099402774,-0.00982153561359469,-0.003686716782777477,-0.006823956615237825,-0.00860990097690435,-0.007592622770100333,-0.006746515726923974,-0.009315816282514789,-0.009520115321260292,-0.0074176594833435415,-0.0095676373840746,-0.007937452630268394,-0.008391590141397764,-0.008613387737779421,-0.008596536061451897,-0.007482889520933211,-0.009050294671685189,-0.007405248908419715,-0.006640590116039835,-0.007289603657622923,-0.009158391379048813,-0.009755108094943177,-4910.532158543169,-11132.156954751536,-7596.550335681997,-2691.522839664435,-20905.77249255702,-36265.67336948439,-18619.818646577,-20602.44340942763,-719.3954571151174,-0.024029945185038492,-0.009456321567305715,-0.001343803442848568,-135.13036578049514,-1542.5540462566807,-484.9247014698337,-1900.142292031946,-0.0539669714435778,-0.21901136562890286,-0.02344762025060678,6.03291117666771e-05,-1.9184662923705766,10.260848536832828,0.10277338848495106,-0.00025923863092245367,10.152408069066997,6.713749014335827,8.809248542489854,9.132249580158554,-0.4954162946933757,-0.11679935995324142,-0.08978240991537782,-0.0513852049522146,-0.11947093822681201,-0.2270666893398312,-0.09465970262433877,-0.12585270061019352,-0.11527144339392607,-0.06773523373402006,-0.19906541600575606,-0.1484139977548372,-0.12037839933120434,-0.10596590615059473,-0.14473199081939436,-0.1371420082429144,-0.038527636384366126,-0.023742791127892633,-0.07052508860120325,-0.09265399536366067,-0.08954293567926722,-0.09567226404722252,53.34375857277919,61.400198417510545,77.76461190173723,48.268109745181576,192.72963815677213,19.457359141065535,139.54932117872232,14.192982442958236,48.14899223438406,32.99878455052749,67.59027897464111,46.8900155826268,7.458839207140772,14.775073946321935,38.764508324505,10.68379415028321,40.27413156226176,22.93096597330223,6.853274501014494,1.3002924634872215,1.8405799167421493,0.0383872896554351,-166942.3009758085,-535.9987040188869,9.273884354376127,8.5538097676284,8.346936229182052,9.680472941564881,-0.017843451353937924,11.3216285179235,9.580182903020887,9.399805713488991,9.555166877342435,-0.16193717526736862,8.878737443491923,8.618719382972813,-0.006039984595240355,9.203070004698361,9.184718654897415,7.100401447949162,2.175400413736759,8.558850227681319,-88.06750682078992,9.050114028920621
20,-0.007630258672153734,-0.011851551899762457,-0.004038212166407091,-0.008352967668859934,-0.011101576075697062,-0.009981887975387349,-0.007343764300968303,-0.02773705954103036,-0.010820778782117202,-0.008987836035595142,-0.011277884872112055,-0.010152123114401257,-0.009333056238559822,-0.011843362197943352,-0.016949945446332215,-0.00934586676705198,-0.21728201200603814,-0.009436598249775807,-0.008882222609855184,-0.008634139246048545,-0.012003162376177778,-0.013396654014514398,6648.831057490408,11927.653165016416,8869.704590969346,1771.399760363903,29760.580815292895,-22445.4135190472,24052.483090545236,27211.063088211045,1594.5906166087836,-0.024691602418879022,-0.007011930787706433,-0.0008507697368861144,-135.13415645173413,-1542.5825713820811,-484.93501197229364,-1900.1826917525548,-0.056333705033366856,-0.22719682372669886,-0.03930383640890227,0.004474290521993218,-1.9389531501101303,10.122457577382557,0.12377759189871824,0.0005129947303320837,10.042632974561979,8.304762270966695,9.184795280460913,9.339756216258706,-2.850755001234024,-0.0473108224153181,-0.009029863525104376,-0.4287675185594978,-0.06765362430403779,-0.012280209644129547,-0.0440181832503654,-0.06492981520803605,-0.04009276412950804,-0.04409593685750583,-0.026320607507654435,-0.0404333610892996,-0.0350195727182113,-0.06354784889372751,-0.11531040262705712,-0.0672523163221322,-0.09220155990556826,-386.6593145007522,-0.056357513661617994,-0.1321761369179273,-0.09802973525839598,-0.11543687320952394,-325.213093900487,-346.85349955473066,-467.38775506180536,-286.1196794327232,-182.31514550464345,-24.479487170979702,-869.7229428003368,-91.80365786436013,-306.34157833156644,-186.4209048048295,-373.2837635024218,-264.74857166384606,-57.15211603954121,-94.81565346167444,-280.70192215332355,-15.752312989562778,-45.39665625594789,-149.36600398309528,-46.697188345170254,-4.629644770536856,-6.481382611153345,-0.20748740745389965,-155601.1708537966,-2545.547755129668,9.338216479445714,9.011747528910472,8.757046344043534,9.378400228736927,-0.005472944387490486,10.939735484701192,9.44723779246085,9.260464228353317,9.100906287280077,-0.07714139164861748,8.84112507060072,9.064116648493904,-0.0028602293587184136,8.772693223420266,8.915630111741212,8.226278331824393,2.19742986066579,8.92884132191466,-9.704967499429312,8.788581839015706
21,-0.00399442821152266,-0.004124643047113863,-0.00041321238786667935,-0.00912280494313229,-0.012614955436402031,-0.010895328496476364,-0.008334443012192595,-0.03212837601975309,-0.006831004092556903,-0.009976536440447159,-0.012495098899161405,-0.011749390359725487,-0.007607467521119626,-0.016250968355602226,-0.023077014437189857,-0.010226125686737442,-0.021150930182357187,-0.01030929108070151,-0.011393675926107983,-0.009325351165922414,-0.012693610938677668,-0.01452723899976427,4313.639121736586,7779.347868226561,5633.763960827887,987.4148069522344,17853.446939469875,-4902.265838043391,15855.918789856136,18704.94417140037,1056.302094221022,-0.0262897755568547,-0.008760114144319075,-0.0015766737998157865,-135.13418427357442,-1542.5847654517627,-484.93422867563567,-1900.1857541462407,-0.05755209066661644,-0.2279628096433087,-0.041382797491549536,0.002818069455586425,-1.9348435848188736,9.96016771017355,0.16714935142255632,0.0007654361733307802,9.817961485400179,10.198765953980228,10.551065154642037,9.668924924898988,3.3340082883568725,0.135635442019293,0.078520178757493,0.3987518311128654,0.16629808962076825,0.22214796467055925,0.12063294808201286,0.16701907289619705,0.1422957922690024,0.09287592256436757,0.20492105778587194,0.16779322139392766,0.14291111036126897,0.14705749250849734,0.2369768356190524,0.18354535143996648,0.10097537114742816,386.2784009981839,0.11115961674235295,0.19826065607272433,0.17419782381195542,0.19662471917240823,258.48849878967013,267.9543672047279,374.32679528899314,224.30418539831734,-36.21408130761411,0.9676709159197344,674.4912513738615,74.92303857063234,248.73661808616163,145.0687152632927,294.86020317712536,208.44580009602214,46.09122336223536,76.99143792312498,226.30720010429505,1.073049218036249,-0.7333797858787875,122.94975410642147,37.73072054814402,3.649139344111154,4.887671889664125,0.1799611726529946,-93111.37284988165,-2522.1513888173527,8.908242689237,10.342698349968009,9.57482824146607,9.105698366736828,0.04563572380558441,9.88477223987211,9.20569683481915,8.679392825352966,8.555068515134872,0.06803775701355974,8.740378443526856,8.964076440437884,-0.010575681383572543,8.10700878293012,8.797810857401464,9.615381340958606,2.2130021723679647,9.471883016188304,41.1469757446388,8.934111523625528
22,-0.005196150182179049,-0.005219304377252399,-0.000421044978067342,-0.695004260421846,-0.4217538612640694,-0.3652317133157378,-0.052677752359419114,-0.47104890242371483,-0.0120946887845097,-0.5478803980972875,-0.1873726942287263,-0.6644356029410262,-0.4810290123210999,-0.5498479239892328,-0.3892104008993667,-0.39049537794415934,-0.4358628275973656,-0.5929055510472291,-0.7265792481508406,-0.48731994947258955,-0.23382205336430745,-0.14047928547912264,3292.270711173117,6381.849178163242,4353.443066549301,693.7816553778946,12433.980278858542,-11718.408753346652,11980.963045868277,15051.38469276391,745.364376232354,-0.05181483739841397,-0.041007426057874066,-0.03394692169140612,-135.14059916163052,-1542.594580991064,-484.94013389013924,-1900.1904410105715,-0.07844726763849952,-0.24221155021029528,-0.04678204811958153,-0.02690004664193051,-1.9403896926357524,9.870436183229753,0.1675400990662272,0.0010158732790097602,9.809339902559804,10.049882444130116,10.54061924975963,9.610493025704523,-17.31528020576049,-25.89467343382781,-31.306382250708857,-8.606686333312782,-1206.6030370120127,-10.059571875156742,-9.639466087838569,-721.0128842565325,-5.309805954395742,-98.87913256485633,-6.81962710762398,-5.482029778798184,-5.280206163551157,-57.50420077867299,-17.31294976553608,-8.73205429988885,-8.863200376015731,-5.454016043871891,-737.5866141097038,-2.6639975792743136,-38.131244002054586,-21.157690125745336,-61.27329954303423,-66.84335724106204,-466.69139277573703,-55.02774927312275,-294.16341010261965,-41.75515943816572,-750.6967919371994,-89.00183886568266,-303.8075976552849,-34.648200805789386,-336.24362376170905,-59.64542560444097,-17.149380238493723,-80.4030339937246,-57.94955912434089,-22.62085764236799,-129.98977501537883,-93.84522326995284,-14.889740936078852,-3.712779288170077,-5.040799838607972,-0.2760712650221905,-95575.36117254198,-2532.2641619002584,9.235134135545218,9.939181523351067,8.956227364005963,9.065892851831768,-0.030147051884507902,10.357288546015742,9.195547846179853,8.914181614061658,8.621808536233107,0.18955763208883028,8.934127131498144,9.102285654931212,-0.02101389711181554,8.068507444150054,8.640143787226112,9.444001207160023,2.1289186976988335,9.449453451947761,39.216631740782965,9.375470333363092
23,-0.026182442336512568,-0.08815297341279597,-0.007510491136807384,-0.5923990139934376,-0.5388696600272191,-0.6494324278187367,-0.0460723704471306,-0.49906315107078003,-0.0779461515083689,-0.7153509187101983,-0.1853298738464833,-0.6555129162979781,-0.5045227477454987,-0.66458960370527,-0.42725939453951434,-0.6601235240263917,-0.608768901675731,-0.6821704999060042,-0.6004894871149581,-0.6042206002507996,-0.42624362527881476,-0.37802024358926684,5775.787815998495,12095.378046153299,7872.2548202615235,1576.802315554535,25723.79134188518,-471.67038025707006,20339.26518199593,24652.41331405565,1259.2330423365347,-0.05162693986418212,-0.040748459497749856,-0.03233939838790274,-135.14090147507613,-1542.5946158329302,-484.9402912481786,-1900.1907964963218,-0.07834709784338649,-0.24213116637928245,-0.04617783397331898,-0.02685197212691115,-1.940269561977874,9.813035197312933,0.15738418550665614,0.0031875504643667173,9.882302644490256,10.407251469848575,10.601914081232735,9.680044651920639,-8.11555254525014,-11.123011226369613,-6.7137560670325005,6.445103123183711,-1.3986545193656639,8.15543639590273,6.053436863823653,-0.42569082324262125,4.2824878019723,-4.417429656987281,4.726841863751602,3.1369606028231756,4.273299649272972,-0.3079972988791383,2.6618588486380843,4.962969699105399,1.7370231358945005,-1.3141173940282413,-1.817940667505627,-1.4100219004466439,-0.8618261460747476,-0.5696752907768484,72.99151590313559,87.99813198159536,482.61504031249206,72.95753336035268,328.04647989549267,47.98892793880805,798.1884940841439,87.72722246319753,319.3845336536193,44.16270006101549,347.93574532528146,68.69178621630417,16.570316607648785,80.86405329988229,69.74778486768919,23.52006947877926,39.11321316553076,98.57343712440925,16.854822280259942,2.233125996120657,3.6307978523811926,0.11608512343525774,-90271.55562663972,-2536.486053892992,9.105168976040522,10.48821601220377,9.289554748072987,9.034367902153894,0.0401745407892399,10.643661767907485,9.128310387493752,8.966447868631189,8.602317532522239,0.0989819544426993,8.878308685074831,9.430102305767445,-0.013011995931893238,8.104759099327158,8.77598699394307,9.574875711693903,2.1148734549180745,9.510481224387581,41.25257609150367,9.646295756780386
24,-0.026548327997255948,-0.09241301750675675,-0.007529491272995392,-0.7545615127811285,-0.7219079500057441,-0.7526812475907045,-0.05172165577233016,-1.6081844354605082,-0.09335117360317487,-2.5806707838295866,-0.28839443530390907,-0.8031617373135111,-0.5398455356901511,-0.6640318260831364,-0.4959074576521191,-1.1282013893981886,-0.7430559429793455,-0.838749111652714,-0.6408602389885575,-1.7073495227086564,-0.46998792250029664,-0.4077324012789328,-6583.30973995924,-16555.45723446775,-9039.331093556248,-2512.287543855794,-57057.80963037312,-33269.81366021112,-27343.422251172364,-20265.69461728409,-1394.072692068806,-0.05049067505591385,-0.03949933972602491,-0.03119671402301023,-135.13969203147226,-1542.5936294965868,-484.9403551956897,-1900.188902301564,-0.0772732694736094,-0.241509937131619,-0.045479418371632364,-0.024286894499650026,-1.9397411738524055,9.735978493037738,0.09511318146097913,0.0057228802442657045,10.093509320969293,6.208205485719804,8.25620220004214,9.0628372278818,-88.77184097356191,-119.89497038370651,-68.70882251720204,-586.3645205662191,-2534.862938991652,-790.560863831419,-19.266839132065776,-3557.5995970454715,-265.9848882732293,-74.0393902956425,-1516.2272619949804,-455.3514724457298,-163.78978732198613,-518.3099771522927,-70.6476908797753,-305.96281423526295,-270.96707048884616,-37.12256828589382,-355.66720325995914,-2.299657801065792,-33.932727209209304,-18.933963931356725,20.835120835044656,33.73986296970397,-480.11270935507343,21.165849975062883,-508.6490285530279,-0.6846617869436159,-823.6677994919359,-90.25882559696728,-327.26149819755955,-9.06209555134701,-349.65915783913516,22.69909698771371,4.2626019507297315,-85.3672596698274,4.799299494200386,-65.04439549029084,-54.94107237825956,-85.41187950338208,3.783637569207167,-1.7373931645062157,-2.6488477306397273,-0.1181629868877252,-163574.16217626334,-2605.0129290710042,8.74594056907506,6.154249070172841,7.943295381986604,9.163523112178382,-0.01589672419784378,11.639226644772156,9.134141143236297,8.991094462801879,9.039323260714013,-0.2890116404287447,9.226746045013101,7.877425402312861,-0.024247038027365164,8.9336515185807,8.913047014443851,6.8215029909948495,2.0037539030304004,8.2629474842033,-86.0329729248808,9.933736190447894
25,-0.026388211406113738,-0.09056176031261494,-0.007517428189812181,-0.7447525330805185,-0.784519114345105,-0.7195866253465674,-0.05366184962998943,-2.217073433574427,-0.10517961644000114,-5.1054192574940505,-0.4974764016161153,-0.7278927203241097,-0.5397523069467475,-0.6644240481330879,-0.4889782981874825,-1.2246147397888159,-0.7712385761554941,-0.7582130346464332,-0.6423041967454083,-18.110913485421,-0.43194882480135366,-0.3979676083212393,4323.417690299451,-859.1050049804151,7269.094440432079,1943.163454433484,-22233.729302484542,5370.120707826316,6039.385857117176,23224.023181549834,974.4901677528396,-0.05015887502062064,-0.03908024547267761,-0.030580329330141785,-135.13958226056866,-1542.5934599619504,-484.94034039171345,-1900.189331424402,-0.07683103063784565,-0.24147240110523588,-0.045244795709566785,-0.024107351436976465,-1.9394375786211184,9.927692004924278,0.1233310387463689,0.007082776764865795,10.371848022389667,7.9239141040815415,9.429087764690143,9.613280897394247,-1626.3761424855238,-9217.535463268952,-2184.5340332994556,-2053.223542048344,-96.27983754081069,-72.79215222855655,-1363.2397939741825,-1408.1111165232512,-323.1476761329544,-993.9419397608342,-2089.1507317598393,-3248.342347269653,-76.30368081657971,-3328.909037347404,-8201.355315380168,-2917.7968386555294,-575.622439112564,-1835.2720198416723,-13.367952709361816,-2.3754070298090126,-19.578174802706883,-12.694570168855819,-425.7130266854874,-467.7799299905746,-107.04973344552418,-386.4871557224236,-646.1971006492561,-156.9706935862392,-244.0749280518794,-24.712268285948447,-71.44517740167649,-222.54988949112013,-92.37746324900654,-50.285815306261064,-80.1597722045799,-34.03860447826046,-369.7620337911154,-38.96697605634618,-143.0589619198392,-106.75685832404706,-30.739997498185403,-2.9108802055911385,-4.326638604434038,-0.297754057788049,-128059.0911883086,-2488.911141716654,9.452790927342743,8.775937754474274,9.065139673134558,9.149738638515396,0.022424979354595108,12.524355662135566,9.380648449132241,9.418239352827868,8.68577312354662,-0.11774710820949111,9.035519363266872,9.38256760471686,-0.024568839889703754,8.704992275659947,9.185558561269136,8.118034054068426,2.0929154547911537,9.027941148539185,-3.1230883736174064,9.888692566253894
26,-0.004346252427618613,-0.0044156199001506025,-0.00041394886496398664,-0.009964766927078372,-0.014550126053890722,-0.011420885810073144,-1.470103374374851,-0.04014276563109718,-0.012215865206045784,-0.028253105928632748,-0.1255093728338295,-0.014078971889155412,-0.012323898027242208,-0.0089708572944442,-0.011244116976594398,-0.0168629710097008,-0.01406476508546639,-0.01128458903073586,-0.008150670079337275,-0.043824747450057086,-0.014079003016503222,-0.013954958250113414,456.123514546454,-5690.93615621496,1939.436612031795,379.2249359655194,-34704.983920051156,-2679.0971292719246,-6116.594016475976,7894.119871547073,117.03153689252213,-0.04759749737545373,-0.03858823375747864,-0.03135369110913757,-135.1288096648046,-1542.5872384569345,-484.9217086481382,-1900.1759576688316,-0.07306558646379102,-0.23521340507011956,-0.04207474346344533,-0.02827802883110131,-1.9311897046092468,10.20253469857164,0.2259409824591465,0.008340632061981258,10.620191396423433,11.020662259194797,11.222513139532543,10.484826706965942,270.5811976027031,1646.3421216263494,256.0700861510395,-0.03347257620225719,602.8206500307704,-660.6659381820751,0.6784964025717273,696.6734047505867,-0.1833559863491246,180.30849424058107,0.005907102344644954,0.03238555715142866,-231.66845230405073,591.9523220136012,1479.7336861515519,0.18108989389693306,69.65404258814314,0.08206587049062364,170.82671608517612,1.1519920876948149,3.872316494669917,3.2376465679978366,74.94465048324636,77.59396138031153,112.41612569384742,67.7076879837754,222.1160561581608,34.543554926201615,214.0373031481635,26.91490096882444,80.12318940000696,42.33009427523357,81.82505129548954,-236.24601930375502,17.572893401326475,68.4559041785149,76.65655947344494,19.403882050191896,62.89573903951241,42.07818674087976,-23.99790142357451,1.5555800889557077,2.0234005276161495,0.16666539517015339,-67094.65005497634,-2551.4676195569714,9.865172475904695,10.971480424503557,9.77381386277268,9.21783118383595,0.016450796965511928,13.144720459875765,9.47242122910767,9.901790848025417,8.593172809332476,0.030784183353821958,8.908515945631029,10.55175081713603,-0.029275885718755036,8.68676774516582,9.419287437397577,10.090683488194156,2.1721588356745345,10.161058966842097,42.49719945796467,10.122193010521414
27,-0.00387226957686424,-0.003968898458709624,-0.00040977435005917773,-0.007128374093768741,-0.0078019292551282145,-0.009720987335251507,-0.007414052226852164,-0.007335505825307109,-0.006677941217772876,-0.008954878760549434,-0.012668829343426679,-0.00882291883727504,-0.00842705119185716,-0.006843420091631458,-0.006358376463452231,-0.008191727789729698,-0.007030141065519402,-0.00827239371887103,-0.005815362821406112,-0.008968178030914941,-0.010421629547149891,-0.01590716563880541,874.0716155350208,-4734.11930895932,2800.0108157880604,471.70026207412593,-33497.84347296953,-5955.082691172511,-5119.5053387567405,9540.402254398912,263.4596555370372,-0.024187438640574398,-0.015433975220656215,-0.00011634451574682458,-135.06034846102884,-1542.5539850976377,-484.8878784521432,-0.023956814353005028,-0.05191479717626422,-0.21625976735213576,-0.0003475444220210733,0.0023250177430336194,-0.09814656087424964,10.573571482193438,0.18832841767891467,0.008961488581057876,11.170722471668592,11.610301596983527,11.646417873683982,10.965718664821429,263.3512514240307,1584.0410299066862,410.6015115383907,485.50312702138183,622.4144674439125,496.8114170961151,258.74485092752184,862.4753103646384,108.56510213673592,177.62712676585843,685.8062707653756,701.4687074889855,89.0636352603572,587.6863374669468,1441.295057366498,623.3604138709994,154.37300818645,353.36667053050076,173.02495994601503,1.282158069214217,15.31851266892006,8.993765779827005,248.9660800758429,274.90703688485667,92.18568524531437,225.70408755481623,650.6429395598213,29.33603623810486,145.2915369456954,24.14526521891821,236.9028670484491,144.06616369357653,49.997682250446815,127.95799198666501,30.664546588101437,-28.948032384731412,130.29950606315833,63.39611012276691,33.242936277358965,38.15100938299365,39.438792515132626,2.672939994332387,4.121379333386448,0.13516138878508457,-60757.41947680116,-1182.6949740613259,10.323469369793532,11.51437123949961,10.096802645789968,9.481850059233135,-0.00399678396145049,15.101076651325167,9.819779376015447,10.386905236952032,8.93475636963592,0.0851300777561029,9.208328878407439,10.945741527903214,-0.028948175455233382,9.024715511471095,9.680188549503509,10.401053539830878,2.2127358939246333,10.558330152208748,42.66239916179488,10.675981904805667
28,-0.0070544270199567995,-0.009851442650794694,-0.00449623446974926,-0.00545983848126248,-0.006583789289890518,-0.006758178100048795,-0.0065909806064070155,-0.006195926209210256,-0.010735998813140668,-0.007884659780059167,-0.010608719487418839,-0.006729917614753944,-0.006426931678960202,-0.005893006691783498,-0.005539554241752498,-0.007017456586302017,-0.00595765902119112,-0.006417733113454105,-0.004648116431066995,-0.008682118059618915,-0.008394596996496518,-0.009212880836607696,828.8573533073068,-4495.858316125535,3103.3572919130324,449.3420240005944,-33788.83544462323,36320.964813824,-5496.463317947089,9281.38865123205,245.5476057689637,-0.032697776469537664,-0.017525404019700375,-0.0035944446599776468,-135.06011850493343,-1542.5384716965812,-484.81718020107655,-0.5690240447060205,-0.05628319309329921,-0.21651476520082297,-0.0018588936965112878,0.0009292730885176681,-0.10313005865521348,11.071502075057186,0.16804703059571935,0.012182296182419084,11.891508994638139,11.937141432416956,11.973581670816191,11.53787530198215,241.69768864476336,1367.0312117527762,360.09833156931234,440.234787926653,583.7191590122053,455.58143589292075,235.58460705822853,806.4263919821831,99.84196015616207,163.1212601384653,631.8658863916669,647.5682455097401,82.15263962506765,540.0078066224996,1275.7000162377203,576.8640369048939,132.71027962360168,318.7641149023872,162.25695849944987,1.2067933023495605,14.25317793936615,8.101671675041587,100.63412567068008,111.67803958282457,407.9115302314676,99.66189503945643,359.7749656273372,105.64107723390698,725.5024408463593,77.87028231277654,101.2517104321043,63.92451086346773,306.74351287861936,156.89788277211483,35.21778081426983,83.31320165056385,181.94531476244737,24.710854380437375,203.8330050857876,125.5202125703734,17.05086763883355,2.76541126799832,3.9188863619081986,0.29365098391843675,-66582.52886841595,-1907.1981830914767,10.867630694555817,11.864806205296656,10.482630273901497,9.910247577405016,0.030773830575118667,19.56320786113988,10.322298729739236,10.905315221507953,9.391054793943704,0.04043678287406749,9.678635001366933,11.232075587219617,-0.02177108573374369,9.554105021811063,10.044887947174027,10.603083712314083,2.2704064396072794,10.99108288990808,43.63647820399109,11.487939509574904
29,-0.008129589780579404,-0.012029860435129436,-0.004971230061188136,-0.006510197858981925,-0.008634397600490474,-0.008076953763715622,-0.03108243381920204,-0.01299673438196578,-0.07145956713127681,-0.014187563460014018,-0.04919560726460013,-0.008360603720044324,-0.009224576446775146,-0.0058779452267444295,-0.0057720428820598356,-0.01015032789574164,-0.007488247814155002,-0.0077438520277056,-0.004871363713047927,-0.018468532161651296,-0.010322849909648112,-0.010763679832075823,-9121.029463413357,-16518.47400154704,-11249.039216741361,-2517.575838144636,-65510.373599238694,-6672.278880158066,-29184.98561565727,-31370.86746580303,-1429.3266479129902,-0.0456951108653751,-0.03803177944235596,-0.03180458751480959,-135.10158439992955,-1542.5815021361516,-484.76287752787977,-1898.9616307053336,-0.07073255669370333,-0.23227665214479315,-0.035956699042002785,-0.02506397210280902,-1.9115951209091038,11.2254770477826,0.10988035924749191,0.014551447478482516,12.319303466629709,3.2619419072138838,9.268053567907748,10.073319522355131,95.55123218665176,625.7805476859467,157.58324990879154,-22.687685927951314,279.00097139513275,-952.4713756623099,101.04827990009935,391.4772042722605,-16.258365984836793,70.21362117943218,-151.45614416101162,-76.27300150096161,-22.738568540917594,240.3205355896116,528.6633803703669,0.4627088527860906,64.53376957981291,151.5906617500472,76.02643913497704,0.5733001792544968,6.967850718886178,3.4280851342402,-375.104378405647,-402.8137317570552,-542.3467351189422,-338.70621470257464,-1091.9512362187438,-148.94333129662118,-954.607563273987,-113.42604120738834,-369.88572452552324,-213.90227881258906,27.68455748674605,-310.5293040444041,-70.67992741566941,7.736239721012316,-339.72287573812065,-96.31384057563264,21.73400741353107,-181.73111214680685,-62.60607626562014,-6.181166071294797,-8.646844393964647,-0.4108906059986168,-135412.31248236,-2536.44487243437,5.5065624570290765,-11.790493237947885,7.742998516688056,10.303153969617757,-0.06798936759504315,-151.82775289554195,9.72384502151466,9.05900338893257,10.290764331312209,-0.3376362024601697,10.544590629519917,4.867866651073268,-0.02185237299482168,10.675432127100146,10.646575827833056,0.6287218605664748,2.236018085048161,5.728835423134126,-159.76999338420373,10.491980341969839
30,-0.008434102864159243,-0.010229911841827644,-0.005744332269098517,-0.006364232974749839,-0.005936189225462485,-0.007780624036070804,-0.00702396667005587,-0.005464199848503881,-0.008908073694194486,-0.006869904598222831,-0.008716463719406065,-0.0071084916893109805,-0.006006021321151067,-0.005298708087946835,-0.004714947480266929,-0.006590823574409654,-0.005237698248945932,-0.007119279698568448,-0.004972004348996606,-0.00681776547532138,-0.007643843838503983,-0.011759826377345383,-2149.4701999083163,-4872.7073544221,-876.8935378707945,1685.6868110517971,-43161.82163766473,25258.141131311655,1120.284074871242,-5034.58835923858,689.278534920141,-0.025383720824433808,-0.014430564935471856,0.0014433752906397145,-135.07751394534225,-1542.5598601724807,-484.89757087718897,-0.02755581391393207,-0.054470067452131586,-0.22211831676531588,-0.0010797799088003047,0.002550684945774506,-0.11027277022173224,12.96452732705169,0.19717152507066543,0.02247503648820721,14.568234437408204,15.067260971274674,14.860475923815567,14.207528613769659,244.59459855702008,1483.2578979211085,395.1955338965845,521.6764460810331,580.9954551968895,528.9479313834306,249.04927338307562,800.5790118412704,113.3031140379046,161.0226705118812,692.9904800980196,688.4735498813782,92.47568996521309,541.9310164520311,1250.442182577232,598.0138202095413,154.11252454196296,378.6297368190134,159.73939472174015,1.2198462943248998,14.33819914623557,8.057290281613604,-40.57813223619596,-40.98287253954768,-59.941766917820495,-32.2892756497793,86.01923846073915,-15.749026724616124,-111.76187991281913,-10.568106939702194,-33.871870080500955,18.683679532752286,-459.4913943012827,-36.15077966756071,-4.947088899497794,-20.81343994798699,-31.74708403459372,8.989408253477814,-254.1812234908204,19.189202775347077,-4.7913997654837654,-1.158605817610055,-1.4337778473482559,-0.14143533366385838,-49176.070138946176,-2317.396632618431,12.924706992310302,14.165071626021552,12.559401721253824,11.350701758839591,0.01898327194326086,36.99825136999166,12.097777430191513,12.920358477492357,10.833141939648124,0.029453892521032542,10.946022796069219,13.795366494404584,0.011622793479637749,10.901560270812855,11.389295790940514,12.680043011481724,2.686416736400838,13.156477136200829,59.826768282292804,14.280955992317558
31,-0.003539921623897868,-0.0034188329345202994,-0.0004095952240141365,-0.005892579480799398,-0.0054475298001953835,-0.00528764076651953,-0.004923446365017981,-0.004603356603817587,-0.0050445863487917466,-0.005071006403984768,-0.005455791982790359,-0.006383428693563076,-0.005728855391234333,-0.0049530950513684505,-0.0048485052518586255,-0.005569691395990617,-0.004781714778131274,-0.005696684788465589,-0.005223747217446473,-0.004879108119195052,-0.007327832357691832,-0.02258772964153799,-4208.823986825347,-8254.610072795116,-3526.1897702338174,403.00157885286023,-49993.274600058794,6288.876264995337,-8108.534029187262,-13076.530580487102,85.16456737308764,0.003511574396334183,0.008490611281768423,0.014217979896720223,-0.10238288965465472,-0.07241231696680188,-0.13155135868146317,-0.010398798072128557,-0.006338278617865356,-0.0395117681682315,0.012101800155856778,0.008886832000250778,-0.028923503999828883,14.891350017041248,0.16961783536343944,0.03099485681452254,17.008485823503975,14.9965896231574,16.833279318839494,16.119536554277637,209.5314417678065,1287.4727884927834,341.9159281047616,453.0090714871841,517.9343522170799,458.84038370364743,216.76905359500103,715.2887244344058,96.88834049536067,140.94259466333023,598.9948610927559,593.7483622747534,78.60450788551961,474.5038339638853,1085.3428112311312,519.8251676751859,133.9368122347242,324.85681619373884,142.6959134997764,1.1681363511961904,13.21205550927147,7.238074190738376,261.4882824892513,278.38160751744437,98.88628244306165,232.69549320908408,756.0184508159931,102.82434314909115,666.2177468477428,19.540970939882026,66.7272374817272,151.36995142455052,72.54627320244181,210.84252260365173,49.49249636654913,-85.52808186467155,232.81466310435934,67.78586396146966,193.0163592179233,125.77148167383712,40.94682590016146,1.3238134809228541,1.9258448376712294,0.158267909001151,-65967.73623844088,4864.650189716081,14.36165719017863,14.286990835165625,13.764096111759722,12.872050090528905,-0.0659187712175779,34.49842747009141,13.780507409526455,14.2619078538564,12.026458191286235,-0.053749743656241834,12.28441983134041,14.867193600464185,-0.058088217145910906,12.20363025387482,12.630143063436634,13.496986671387953,3.079886188306337,14.354657659427602,49.70206860164167,16.37852435761805
32,-0.0035425679672507204,-0.0034191111061956823,-0.0004278851731296385,-0.005995964469718373,-0.006013113247436763,-0.004646751351467415,-0.005866600736507621,-0.005515995677322394,-0.005466951153122679,-0.0054300757184279295,-0.006096935503758871,-0.0061369281624156,-0.006912624439113557,-0.005902599936381136,-0.006422449400488972,-0.005820332091619207,-0.005843698878527448,-0.005267573489623345,-0.006116038706696613,-0.005305086074852738,-0.006599072869820688,-0.01182621035413991,-3183.933467242122,-6711.401430308167,-2114.8051373640074,958.1779769094195,-46792.15775362253,8570.728527483345,-3666.9724745467306,-9416.13874093108,417.915468006162,-0.001222886307186677,0.004230586338773712,0.01156063309319233,-135.10739942769396,-1542.408228727238,-484.91875775112055,-1900.1383873372804,-0.012694986043580946,-0.05793728504179896,0.0030903972534595424,0.006009616371280479,-0.2488307627535761,19.10466851476736,0.21956999522147252,0.048275376987402766,22.18631065905408,20.113994897584142,22.932922005306153,20.803128370544584,229.31607139886427,1380.3715570379386,369.6214956676633,482.9923157693934,548.1529613828905,490.49625048623955,231.84022252167182,756.0752805157625,103.5726002092658,151.05023239292655,636.2854093940908,638.5490566208907,84.77048456716481,506.9741006361999,1162.1422061476146,556.3770851333105,144.14710928265316,352.0631907911804,152.88162490010265,1.1831432103102306,13.533154079944769,7.976310502717699,71.85211600970652,76.9805804662974,379.56776595050906,65.29004609516123,-20.35491464610386,28.76047836732396,191.14430112774716,80.38433915237329,253.4193376568641,-2.7475147992117854,290.8755101308401,55.253836312312345,12.181250742971134,64.36330032495971,63.62027991979412,-2.249913598380954,-4.6409686176026295,-3.9730881722622144,12.907174264402238,3.9524986451670885,5.613975749882957,0.23089561594583188,-54635.58300820291,4814.49668892044,17.75970324709845,20.357350852353893,17.622124422821457,15.633679877653083,-0.2410473782854538,37.143434456784995,17.345965116494312,17.625051856798542,14.374752081357476,-0.003531558378003297,14.671280364276289,18.791480066202013,-0.12446353741312918,14.74840178545009,16.015603331580355,17.897669734281948,4.081161522352801,18.10470060176623,63.90195608491765,21.685677662473672
33,-0.011451275286764684,-0.011856463354512492,-0.009100368875366494,-0.008549195106252228,-0.008136180528790149,-0.00806010325389046,-0.00855280672860772,-0.007793002181418274,-0.00860282349174959,-0.007722496456290173,-0.008722563419153317,-0.008534263196530034,-0.008107954657123172,-0.008676754976797697,-0.008718254815126869,-0.007974189837369038,-0.008099741747139788,-0.008526999504921307,-0.008011222750414859,-0.00773932632187666,-0.0082102954048608,-0.00839094779249674,-5621.629649616778,-11918.711301284004,-5629.7457042437045,-561.403230274748,-54870.61687520742,8542.618876809627,-14601.46357305348,-18986.890075037627,-321.2373855045531,-0.03315079856131416,-0.019692078104153587,-0.005757113179811491,-135.13273441013627,-1542.5856342532322,-484.932781229986,-1900.1811455520133,-0.0623338376528471,-0.23066846988429432,-0.023571035825666088,-0.00452912071678746,-1.9292625943891692,36.903990803699074,0.21525794997275574,0.11094773675952649,41.84148277640276,17.440600367188118,32.75341166011268,37.945218827672974,184.0292771495951,0.12634239121575092,0.1482557973017646,281.0888870929051,104.07555616760506,47.65581936930731,92.3575385221813,658.1216836309695,84.3828614990712,125.83719128156967,512.9218531360799,512.434756389582,68.29288368703493,419.5202999035666,63.304514848637965,352.411811975785,0.24812872152016655,0.1737209437514448,70.9773694294567,0.9403030823759891,10.98042619030895,6.295856187037922,84.08698754690559,101.17416255202116,123.58506061777152,75.01098017479671,302.0364586703072,29.99818577635815,233.95524949977408,20.969275893428858,75.82547297100828,50.93865213557219,101.30060306794039,77.27575402250514,12.834264499711571,40.75230203073261,64.06318636559445,20.07740184674112,64.5200615494119,38.348646760443806,12.578837589532487,2.1169938748927506,2.6190118158153384,0.23279824676946248,-76978.25213968157,-2613.2507421606015,28.307781438534686,25.293906505928227,27.51719997939219,27.828314527198273,0.32880317480264337,59.58964348175014,28.376717313224198,29.15314677284084,24.946775013805592,0.6569992601836916,23.827919004591145,30.18441029879973,0.3209583545459139,24.58898612766099,30.01503698745583,29.02019924719018,7.013927298962085,31.117863674823276,46.39352779934941,42.12581005375693
