name,scn_name,bus0,bus1,carrier,p_nom,p_nom_extendable,p_nom_max,capital_cost,length,type,efficiency,p_nom_min,p_min_pu,marginal_cost,p_nom_opt,country,build_year,lifetime,min_up_time,min_down_time,up_time_before,down_time_before,p_nom_mod,stand_by_cost,start_up_cost,shut_down_cost,ramp_limit_start_up,ramp_limit_shut_down
0,eGon2035,0,42658,dsm,289.49653975742905,False,inf,0.0,0.0,,1.0,0.0,0.0,0.0,289.49653975742905,,0.0,inf,0.0,0.0,1.0,0.0,,,,,,
1,eGon2035,0,49625,central_heat_pump,0.18830810408584142,False,inf,0.0,0.0,,1.0,0.0,0.0,0.0,0.18830810408584142,,0.0,inf,0.0,0.0,1.0,0.0,,,,,,
2,eGon2035,0,49625,central_resistive_heater,0.24943302757396105,False,inf,0.0,0.0,,1.0,0.0,0.0,0.0,0.24943302757396105,,0.0,inf,0.0,0.0,1.0,0.0,,,,,,
3,eGon2035,0,50209,central_heat_pump,6.724352674672075,False,inf,0.0,0.0,,1.0,0.0,0.0,0.0,6.724352674672075,,0.0,inf,0.0,0.0,1.0,0.0,,,,,,
4,eGon2035,0,50209,central_resistive_heater,12.548622277559296,False,inf,0.0,0.0,,1.0,0.0,0.0,0.0,12.548622277559296,,0.0,inf,0.0,0.0,1.0,0.0,,,,,,
5,eGon2035,0,52044,rural_heat_pump,1935.1832886860684,False,inf,0.0,0.0,,1.0,0.0,0.0,0.0,1935.1832886860684,,0.0,inf,0.0,0.0,1.0,0.0,,,,,,
6,eGon2035,0,69975,BEV_charger,3652.6384558677673,False,inf,0.0,0.0,,0.9,0.0,0.0,0.0,3652.6384558677673,,0.0,inf,0.0,0.0,1.0,0.0,,,,,,
7,eGon2035,0,77083,power_to_H2,0.0,True,inf,461.2241533423848,0.0,,0.7,0.0,0.0,0.0,0.08836346845339468,,0.0,31.0,0.0,0.0,1.0,0.0,,,,,,
8,eGon2035,0,77089,central_heat_pump,18.844895003861375,False,inf,0.0,0.0,,1.0,0.0,0.0,0.0,18.844895003861375,,0.0,inf,0.0,0.0,1.0,0.0,,,,,,
9,eGon2035,0,77089,central_resistive_heater,7.67354602081293,False,inf,0.0,0.0,,1.0,0.0,0.0,0.0,7.67354602081293,,0.0,inf,0.0,0.0,1.0,0.0,,,,,,
10,eGon2035,1,17,DC,0.0,True,0.0,1174.3875148306297,485.2908958318637,,1.0,0.0,-1.0,0.010988884892469955,0.0,,0.0,inf,0.0,0.0,1.0,0.0,,,,,,
11,eGon2035,1,4,DC,1000.0,True,4000.0,1126.42478909851,515.4257544954448,,1.0,1000.0,-1.0,0.01051664063156824,3999.999612346658,,0.0,inf,0.0,0.0,1.0,0.0,,,,,,
12,eGon2035,1,5,DC,700.0,True,2800.0,2202.894345654306,974.5374824832013,,1.0,700.0,-1.0,0.00917766700484962,2799.987056642229,,0.0,inf,0.0,0.0,1.0,0.0,,,,,,
13,eGon2035,10,19,DC,600.0,True,2400.0,1609.319717158658,212.39256209115558,,1.0,600.0,-1.0,0.0,600.0011328776174,,0.0,inf,0.0,0.0,1.0,0.0,,,,,,
14,eGon2035,10,42514,dsm,51.27124361913181,False,inf,0.0,0.0,,1.0,0.0,0.0,0.0,51.27124361913181,,0.0,inf,0.0,0.0,1.0,0.0,,,,,,
15,eGon2035,10,48693,power_to_H2,0.0,True,inf,461.22415334238485,0.0,,0.6999999999999998,0.0,0.0,0.0,0.08647365065193316,,0.0,31.0,0.0,0.0,1.0,0.0,,,,,,
16,eGon2035,10,51953,central_heat_pump,5.247063645359445,False,inf,0.0,0.0,,1.0,0.0,0.0,0.0,5.247063645359445,,0.0,inf,0.0,0.0,1.0,0.0,,,,,,
17,eGon2035,10,51953,central_resistive_heater,6.693049251070631,False,inf,0.0,0.0,,1.0,0.0,0.0,0.0,6.693049251070631,,0.0,inf,0.0,0.0,1.0,0.0,,,,,,
18,eGon2035,10,52053,rural_heat_pump,361.68681909015083,False,inf,0.0,0.0,,1.0,0.0,0.0,0.0,361.68681909015083,,0.0,inf,0.0,0.0,1.0,0.0,,,,,,
19,eGon2035,10,70154,BEV_charger,754.86060744524,False,inf,0.0,0.0,,0.9000000000000001,0.0,0.0,0.0,754.86060744524,,0.0,inf,0.0,0.0,1.0,0.0,,,,,,
20,eGon2035,10,77083,power_to_H2,0.0,True,22.0,461.22415334238485,0.0,,0.7,0.0,0.0,0.0,0.24543820018811438,,0.0,31.0,0.0,0.0,1.0,0.0,,,,,,
21,eGon2035,10,77107,central_heat_pump,16.252561291464502,False,inf,0.0,0.0,,1.0,0.0,0.0,0.0,16.252561291464502,,0.0,inf,0.0,0.0,1.0,0.0,,,,,,
22,eGon2035,10,77107,central_resistive_heater,11.279746050473348,False,inf,0.0,0.0,,1.0,0.0,0.0,0.0,11.279746050473348,,0.0,inf,0.0,0.0,1.0,0.0,,,,,,
23,eGon2035,11,42704,dsm,66.34781178855532,False,inf,0.0,0.0,,1.0,0.0,0.0,0.0,66.34781178855532,,0.0,inf,0.0,0.0,1.0,0.0,,,,,,
24,eGon2035,11,48706,power_to_H2,0.0,True,inf,461.22415334238485,0.0,,0.7,0.0,0.0,0.0,2714.578848615698,,0.0,31.0,0.0,0.0,1.0,0.0,,,,,,
25,eGon2035,11,52084,rural_heat_pump,568.7756884979198,False,inf,0.0,0.0,,1.0,0.0,0.0,0.0,568.7756884979198,,0.0,inf,0.0,0.0,1.0,0.0,,,,,,
26,eGon2035,11,70310,BEV_charger,988.4563981294632,False,inf,0.0,0.0,,0.9,0.0,0.0,0.0,988.4563981294632,,0.0,inf,0.0,0.0,1.0,0.0,,,,,,
27,eGon2035,11,77083,power_to_H2,0.0,True,inf,461.22415334238485,0.0,,0.7,0.0,0.0,0.0,168.6478356689407,,0.0,31.0,0.0,0.0,1.0,0.0,,,,,,
28,eGon2035,11,77106,central_heat_pump,2.6511536468868977,False,inf,0.0,0.0,,1.0,0.0,0.0,0.0,2.6511536468868977,,0.0,inf,0.0,0.0,1.0,0.0,,,,,,
29,eGon2035,11,77106,central_resistive_heater,0.522020698263732,False,inf,0.0,0.0,,1.0,0.0,0.0,0.0,0.522020698263732,,0.0,inf,0.0,0.0,1.0,0.0,,,,,,
30,eGon2035,12,43556,dsm,95.12555060585453,False,inf,0.0,0.0,,1.0,0.0,0.0,0.0,95.12555060585453,,0.0,inf,0.0,0.0,1.0,0.0,,,,,,
31,eGon2035,12,49625,central_heat_pump,5.233411327645027,False,inf,0.0,0.0,,1.0,0.0,0.0,0.0,5.233411327645027,,0.0,inf,0.0,0.0,1.0,0.0,,,,,,
32,eGon2035,12,49625,central_resistive_heater,6.9321797823384905,False,inf,0.0,0.0,,1.0,0.0,0.0,0.0,6.9321797823384905,,0.0,inf,0.0,0.0,1.0,0.0,,,,,,
33,eGon2035,12,52095,rural_heat_pump,545.5690958300436,False,inf,0.0,0.0,,1.0,0.0,0.0,0.0,545.5690958300436,,0.0,inf,0.0,0.0,1.0,0.0,,,,,,
34,eGon2035,12,69958,BEV_charger,1100.3875900506973,False,inf,0.0,0.0,,0.9,0.0,0.0,0.0,1100.3875900506973,,0.0,inf,0.0,0.0,1.0,0.0,,,,,,
35,eGon2035,12,77083,power_to_H2,0.0,True,7.0,461.22415334238485,0.0,,0.7,0.0,0.0,0.0,0.061472488966742435,,0.0,31.0,0.0,0.0,1.0,0.0,,,,,,
36,eGon2035,12,77086,central_heat_pump,7.107626621478402,False,inf,0.0,0.0,,1.0,0.0,0.0,0.0,7.107626621478402,,0.0,inf,0.0,0.0,1.0,0.0,,,,,,
37,eGon2035,12,77086,central_resistive_heater,4.073038725031355,False,inf,0.0,0.0,,1.0,0.0,0.0,0.0,4.073038725031355,,0.0,inf,0.0,0.0,1.0,0.0,,,,,,
38,eGon2035,13,41276,dsm,1076.5296334239476,False,inf,0.0,0.0,,1.0,0.0,0.0,0.0,1076.5296334239476,,0.0,inf,0.0,0.0,1.0,0.0,,,,,,
39,eGon2035,13,52069,rural_heat_pump,5142.469196265897,False,inf,0.0,0.0,,1.0,0.0,0.0,0.0,5142.469196265897,,0.0,inf,0.0,0.0,1.0,0.0,,,,,,
40,eGon2035,13,69931,BEV_charger,9503.019723951817,False,inf,0.0,0.0,,0.9,0.0,0.0,0.0,9503.019723951817,,0.0,inf,0.0,0.0,1.0,0.0,,,,,,
41,eGon2035,13,77083,power_to_H2,0.0,True,inf,461.22415334238485,0.0,,0.7,0.0,0.0,0.0,0.0765820462584044,,0.0,31.0,0.0,0.0,1.0,0.0,,,,,,
42,eGon2035,13,77090,central_heat_pump,126.07034570881277,False,inf,0.0,0.0,,1.0,0.0,0.0,0.0,126.07034570881277,,0.0,inf,0.0,0.0,1.0,0.0,,,,,,
43,eGon2035,13,77090,central_resistive_heater,116.67926835276522,False,inf,0.0,0.0,,1.0,0.0,0.0,0.0,116.67926835276522,,0.0,inf,0.0,0.0,1.0,0.0,,,,,,
44,eGon2035,14,4,DC,0.0,True,0.0,872.9158267121838,542.4840827461112,,1.0,0.0,-1.0,0.010608893260563735,0.0,,0.0,inf,0.0,0.0,1.0,0.0,,,,,,
45,eGon2035,15,41544,dsm,252.7085222189702,False,inf,0.0,0.0,,1.0,0.0,0.0,0.0,252.7085222189702,,0.0,inf,0.0,0.0,1.0,0.0,,,,,,
46,eGon2035,15,48717,power_to_H2,0.0,True,inf,461.2241533423849,0.0,,0.7,0.0,0.0,0.0,0.13727403121767207,,0.0,31.0,0.0,0.0,1.0,0.0,,,,,,
47,eGon2035,15,50808,central_heat_pump,0.848655289165275,False,inf,0.0,0.0,,1.0,0.0,0.0,0.0,0.848655289165275,,0.0,inf,0.0,0.0,1.0,0.0,,,,,,
48,eGon2035,15,50808,central_resistive_heater,1.1016747782832632,False,inf,0.0,0.0,,1.0,0.0,0.0,0.0,1.1016747782832632,,0.0,inf,0.0,0.0,1.0,0.0,,,,,,
49,eGon2035,15,52059,rural_heat_pump,2257.4253685036465,False,inf,0.0,0.0,,1.0,0.0,0.0,0.0,2257.4253685036465,,0.0,inf,0.0,0.0,1.0,0.0,,,,,,
50,eGon2035,15,69914,BEV_charger,3837.2727748155594,False,inf,0.0,0.0,,0.9,0.0,0.0,0.0,3837.2727748155594,,0.0,inf,0.0,0.0,1.0,0.0,,,,,,
51,eGon2035,15,77083,power_to_H2,0.0,True,inf,461.22415334238485,0.0,,0.7,0.0,0.0,0.0,0.14884752682726737,,0.0,31.0,0.0,0.0,1.0,0.0,,,,,,
52,eGon2035,15,77096,central_heat_pump,109.13025574287919,False,inf,0.0,0.0,,1.0,0.0,0.0,0.0,109.13025574287919,,0.0,inf,0.0,0.0,1.0,0.0,,,,,,
53,eGon2035,15,77096,central_resistive_heater,104.25151246732958,False,inf,0.0,0.0,,1.0,0.0,0.0,0.0,104.25151246732958,,0.0,inf,0.0,0.0,1.0,0.0,,,,,,
54,eGon2035,16,4,DC,500.0,True,inf,548.4588472669811,310.4723882783535,,1.0,500.0,-1.0,0.010246461947654868,1942.6876871970803,,0.0,inf,0.0,0.0,1.0,0.0,,,,,,
55,eGon2035,17,19,DC,600.0,True,2400.0,406.3432734770231,168.37927618101847,,1.0,600.0,-1.0,0.00910228999189938,2399.9978173112863,,0.0,inf,0.0,0.0,1.0,0.0,,,,,,
56,eGon2035,17,2,DC,850.0,True,3400.0,951.79447464285,705.9106058086279,,1.0,850.0,-1.0,0.010534828551279539,1253.223901354679,,0.0,inf,0.0,0.0,1.0,0.0,,,,,,
57,eGon2035,17,4,DC,0.0,True,0.0,2480.175497842263,810.1641263072428,,1.0,0.0,-1.0,0.010383478690140533,0.0,,0.0,inf,0.0,0.0,1.0,0.0,,,,,,
58,eGon2035,17,5,DC,940.0,True,3760.0,1104.2204996209666,558.5259724769619,,1.0,940.0,-1.0,0.009122941939948524,940.0033825981681,,0.0,inf,0.0,0.0,1.0,0.0,,,,,,
59,eGon2035,18,43546,dsm,440.08951534933175,False,inf,0.0,0.0,,1.0,0.0,0.0,0.0,440.08951534933175,,0.0,inf,0.0,0.0,1.0,0.0,,,,,,
60,eGon2035,18,48653,power_to_H2,0.0,True,inf,461.22415334238485,0.0,,0.7,0.0,0.0,0.0,0.10027354201317654,,0.0,31.0,0.0,0.0,1.0,0.0,,,,,,
61,eGon2035,18,52058,rural_heat_pump,2166.938508985592,False,inf,0.0,0.0,,1.0,0.0,0.0,0.0,2166.938508985592,,0.0,inf,0.0,0.0,1.0,0.0,,,,,,
62,eGon2035,18,69915,BEV_charger,4204.949666470289,False,inf,0.0,0.0,,0.9000000000000001,0.0,0.0,0.0,4204.949666470289,,0.0,inf,0.0,0.0,1.0,0.0,,,,,,
63,eGon2035,18,77083,power_to_H2,0.0,True,inf,461.22415334238485,0.0,,0.7,0.0,0.0,0.0,0.21439395424118798,,0.0,31.0,0.0,0.0,1.0,0.0,,,,,,
64,eGon2035,18,77102,central_heat_pump,226.8456679320398,False,inf,0.0,0.0,,1.0,0.0,0.0,0.0,226.8456679320398,,0.0,inf,0.0,0.0,1.0,0.0,,,,,,
65,eGon2035,18,77102,central_resistive_heater,274.1044669508484,False,inf,0.0,0.0,,1.0,0.0,0.0,0.0,274.1044669508484,,0.0,inf,0.0,0.0,1.0,0.0,,,,,,
66,eGon2035,2,6,DC,600.0,True,2400.0,1523.503082414779,1099.7655712561213,,1.0,600.0,-1.0,0.01026030450633768,600.0010914534876,,0.0,inf,0.0,0.0,1.0,0.0,,,,,,
67,eGon2035,2,7,DC,600.0,True,2400.0,5603.996122812265,905.0468508957115,,1.0,600.0,-1.0,0.0,600.0000302647273,,0.0,inf,0.0,0.0,1.0,0.0,,,,,,
68,eGon2035,20,43544,dsm,853.3159961509704,False,inf,0.0,0.0,,1.0,0.0,0.0,0.0,853.3159961509704,,0.0,inf,0.0,0.0,1.0,0.0,,,,,,
69,eGon2035,20,48697,power_to_H2,0.0,True,inf,461.22415334238485,0.0,,0.6999999999999998,0.0,0.0,0.0,193.07836587344056,,0.0,31.0,0.0,0.0,1.0,0.0,,,,,,
70,eGon2035,20,51439,central_resistive_heater,1.172917251225061,False,inf,0.0,0.0,,1.0,0.0,0.0,0.0,1.172917251225061,,0.0,inf,0.0,0.0,1.0,0.0,,,,,,
71,eGon2035,20,52041,rural_heat_pump,5980.587531871823,False,inf,0.0,0.0,,1.0,0.0,0.0,0.0,5980.587531871823,,0.0,inf,0.0,0.0,1.0,0.0,,,,,,
72,eGon2035,20,69925,BEV_charger,10994.050459682941,False,inf,0.0,0.0,,0.9,0.0,0.0,0.0,10994.050459682941,,0.0,inf,0.0,0.0,1.0,0.0,,,,,,
73,eGon2035,20,77083,power_to_H2,0.0,True,inf,461.2241533423848,0.0,,0.7,0.0,0.0,0.0,0.07555411564422428,,0.0,31.0,0.0,0.0,1.0,0.0,,,,,,
74,eGon2035,20,77098,central_heat_pump,228.27308594446063,False,inf,0.0,0.0,,1.0,0.0,0.0,0.0,228.27308594446063,,0.0,inf,0.0,0.0,1.0,0.0,,,,,,
75,eGon2035,20,77098,central_resistive_heater,258.93292557259036,False,inf,0.0,0.0,,1.0,0.0,0.0,0.0,258.93292557259036,,0.0,inf,0.0,0.0,1.0,0.0,,,,,,
76,eGon2035,21,42816,dsm,144.73136874753885,False,inf,0.0,0.0,,1.0,0.0,0.0,0.0,144.73136874753885,,0.0,inf,0.0,0.0,1.0,0.0,,,,,,
77,eGon2035,21,48810,power_to_H2,0.0,True,inf,461.2241533423849,0.0,,0.7,0.0,0.0,0.0,2.789577063864258,,0.0,31.0,0.0,0.0,1.0,0.0,,,,,,
78,eGon2035,21,52086,rural_heat_pump,1267.1972982659101,False,inf,0.0,0.0,,1.0,0.0,0.0,0.0,1267.1972982659101,,0.0,inf,0.0,0.0,1.0,0.0,,,,,,
79,eGon2035,21,70054,BEV_charger,2221.828709602356,False,inf,0.0,0.0,,0.9000000000000001,0.0,0.0,0.0,2221.828709602356,,0.0,inf,0.0,0.0,1.0,0.0,,,,,,
80,eGon2035,21,77083,power_to_H2,0.0,True,28.0,461.22415334238485,0.0,,0.7,0.0,0.0,0.0,0.07949270394145766,,0.0,31.0,0.0,0.0,1.0,0.0,,,,,,
81,eGon2035,21,77101,central_heat_pump,18.976913981401516,False,inf,0.0,0.0,,1.0,0.0,0.0,0.0,18.976913981401516,,0.0,inf,0.0,0.0,1.0,0.0,,,,,,
82,eGon2035,21,77101,central_resistive_heater,19.48894642321179,False,inf,0.0,0.0,,1.0,0.0,0.0,0.0,19.48894642321179,,0.0,inf,0.0,0.0,1.0,0.0,,,,,,
83,eGon2035,22,41288,dsm,291.4228785022006,False,inf,0.0,0.0,,1.0,0.0,0.0,0.0,291.4228785022006,,0.0,inf,0.0,0.0,1.0,0.0,,,,,,
84,eGon2035,22,52067,rural_heat_pump,2080.102367508362,False,inf,0.0,0.0,,1.0,0.0,0.0,0.0,2080.102367508362,,0.0,inf,0.0,0.0,1.0,0.0,,,,,,
85,eGon2035,22,70058,BEV_charger,4007.102572798729,False,inf,0.0,0.0,,0.9,0.0,0.0,0.0,4007.102572798729,,0.0,inf,0.0,0.0,1.0,0.0,,,,,,
86,eGon2035,22,77083,power_to_H2,0.0,True,inf,461.22415334238485,0.0,,0.7,0.0,0.0,0.0,0.08509989107347168,,0.0,31.0,0.0,0.0,1.0,0.0,,,,,,
87,eGon2035,22,77087,central_heat_pump,61.935789406409775,False,inf,0.0,0.0,,1.0,0.0,0.0,0.0,61.935789406409775,,0.0,inf,0.0,0.0,1.0,0.0,,,,,,
88,eGon2035,22,77087,central_resistive_heater,55.693079729877056,False,inf,0.0,0.0,,1.0,0.0,0.0,0.0,55.693079729877056,,0.0,inf,0.0,0.0,1.0,0.0,,,,,,
89,eGon2035,23,41278,dsm,131.31661764154006,False,inf,0.0,0.0,,1.0,0.0,0.0,0.0,131.31661764154006,,0.0,inf,0.0,0.0,1.0,0.0,,,,,,
90,eGon2035,23,48700,power_to_H2,0.0,True,inf,461.22415334238485,0.0,,0.7,0.0,0.0,0.0,2203.722713579967,,0.0,31.0,0.0,0.0,1.0,0.0,,,,,,
91,eGon2035,23,52047,rural_heat_pump,925.3254122328945,False,inf,0.0,0.0,,1.0,0.0,0.0,0.0,925.3254122328945,,0.0,inf,0.0,0.0,1.0,0.0,,,,,,
92,eGon2035,23,69929,BEV_charger,1467.7617861032486,False,inf,0.0,0.0,,0.8999999999999999,0.0,0.0,0.0,1467.7617861032486,,0.0,inf,0.0,0.0,1.0,0.0,,,,,,
93,eGon2035,23,77083,power_to_H2,0.0,True,6.0,461.22415334238485,0.0,,0.6999999999999998,0.0,0.0,0.0,0.06542219297693336,,0.0,31.0,0.0,0.0,1.0,0.0,,,,,,
94,eGon2035,23,77097,central_heat_pump,4.852415439094925,False,inf,0.0,0.0,,1.0,0.0,0.0,0.0,4.852415439094925,,0.0,inf,0.0,0.0,1.0,0.0,,,,,,
95,eGon2035,23,77097,central_resistive_heater,6.085387946084712,False,inf,0.0,0.0,,1.0,0.0,0.0,0.0,6.085387946084712,,0.0,inf,0.0,0.0,1.0,0.0,,,,,,
96,eGon2035,24,42708,dsm,219.85639214812784,False,inf,0.0,0.0,,1.0,0.0,0.0,0.0,219.85639214812784,,0.0,inf,0.0,0.0,1.0,0.0,,,,,,
97,eGon2035,24,48718,power_to_H2,0.0,True,inf,461.2241533423848,0.0,,0.7,0.0,0.0,0.0,0.3670845187077721,,0.0,31.0,0.0,0.0,1.0,0.0,,,,,,
98,eGon2035,24,50209,central_heat_pump,0.08427589382795124,False,inf,0.0,0.0,,1.0,0.0,0.0,0.0,0.08427589382795124,,0.0,inf,0.0,0.0,1.0,0.0,,,,,,
99,eGon2035,24,50209,central_resistive_heater,0.15727110250091458,False,inf,0.0,0.0,,1.0,0.0,0.0,0.0,0.15727110250091458,,0.0,inf,0.0,0.0,1.0,0.0,,,,,,
100,eGon2035,24,50808,central_heat_pump,1.8975518238118319,False,inf,0.0,0.0,,1.0,0.0,0.0,0.0,1.8975518238118319,,0.0,inf,0.0,0.0,1.0,0.0,,,,,,
101,eGon2035,24,50808,central_resistive_heater,2.463291057591914,False,inf,0.0,0.0,,1.0,0.0,0.0,0.0,2.463291057591914,,0.0,inf,0.0,0.0,1.0,0.0,,,,,,
102,eGon2035,24,52074,rural_heat_pump,2012.1362968345604,False,inf,0.0,0.0,,1.0,0.0,0.0,0.0,2012.1362968345604,,0.0,inf,0.0,0.0,1.0,0.0,,,,,,
103,eGon2035,24,70292,BEV_charger,3381.4622190594673,False,inf,0.0,0.0,,0.9,0.0,0.0,0.0,3381.4622190594673,,0.0,inf,0.0,0.0,1.0,0.0,,,,,,
104,eGon2035,24,77083,power_to_H2,0.0,True,inf,461.22415334238485,0.0,,0.7,0.0,0.0,0.0,0.10640676130492809,,0.0,31.0,0.0,0.0,1.0,0.0,,,,,,
105,eGon2035,24,77093,central_heat_pump,40.91585369788568,False,inf,0.0,0.0,,1.0,0.0,0.0,0.0,40.91585369788568,,0.0,inf,0.0,0.0,1.0,0.0,,,,,,
106,eGon2035,24,77093,central_resistive_heater,25.28122842746482,False,inf,0.0,0.0,,1.0,0.0,0.0,0.0,25.28122842746482,,0.0,inf,0.0,0.0,1.0,0.0,,,,,,
107,eGon2035,25,41526,dsm,211.35652867266435,False,inf,0.0,0.0,,1.0,0.0,0.0,0.0,211.35652867266435,,0.0,inf,0.0,0.0,1.0,0.0,,,,,,
108,eGon2035,25,48785,power_to_H2,0.0,True,inf,461.22415334238485,0.0,,0.7,0.0,0.0,0.0,0.06790189532781318,,0.0,31.0,0.0,0.0,1.0,0.0,,,,,,
109,eGon2035,25,52046,rural_heat_pump,1767.2332646459024,False,inf,0.0,0.0,,1.0,0.0,0.0,0.0,1767.2332646459024,,0.0,inf,0.0,0.0,1.0,0.0,,,,,,
110,eGon2035,25,70134,BEV_charger,3134.3623009622097,False,inf,0.0,0.0,,0.9,0.0,0.0,0.0,3134.3623009622097,,0.0,inf,0.0,0.0,1.0,0.0,,,,,,
111,eGon2035,25,77083,power_to_H2,0.0,True,inf,461.22415334238485,0.0,,0.7,0.0,0.0,0.0,10472.056794560634,,0.0,31.0,0.0,0.0,1.0,0.0,,,,,,
112,eGon2035,25,77103,central_heat_pump,20.816258205505914,False,inf,0.0,0.0,,1.0,0.0,0.0,0.0,20.816258205505914,,0.0,inf,0.0,0.0,1.0,0.0,,,,,,
113,eGon2035,25,77103,central_resistive_heater,29.214161528324055,False,inf,0.0,0.0,,1.0,0.0,0.0,0.0,29.214161528324055,,0.0,inf,0.0,0.0,1.0,0.0,,,,,,
114,eGon2035,25,77109,central_heat_pump,0.5062741485322212,False,inf,0.0,0.0,,1.0,0.0,0.0,0.0,0.5062741485322212,,0.0,inf,0.0,0.0,1.0,0.0,,,,,,
115,eGon2035,25,77109,central_resistive_heater,0.6820268324216037,False,inf,0.0,0.0,,1.0,0.0,0.0,0.0,0.6820268324216037,,0.0,inf,0.0,0.0,1.0,0.0,,,,,,
116,eGon2035,26,42660,dsm,98.14689186717669,False,inf,0.0,0.0,,1.0,0.0,0.0,0.0,98.14689186717669,,0.0,inf,0.0,0.0,1.0,0.0,,,,,,
117,eGon2035,26,52040,rural_heat_pump,977.6917849023557,False,inf,0.0,0.0,,1.0,0.0,0.0,0.0,977.6917849023557,,0.0,inf,0.0,0.0,1.0,0.0,,,,,,
118,eGon2035,26,70512,BEV_charger,1817.235921740532,False,inf,0.0,0.0,,0.9,0.0,0.0,0.0,1817.235921740532,,0.0,inf,0.0,0.0,1.0,0.0,,,,,,
119,eGon2035,26,77083,power_to_H2,0.0,True,inf,461.22415334238485,0.0,,0.7,0.0,0.0,0.0,0.07431353005731525,,0.0,31.0,0.0,0.0,1.0,0.0,,,,,,
120,eGon2035,26,77094,central_heat_pump,21.025189399169577,False,inf,0.0,0.0,,1.0,0.0,0.0,0.0,21.025189399169577,,0.0,inf,0.0,0.0,1.0,0.0,,,,,,
121,eGon2035,26,77094,central_resistive_heater,14.981228856642936,False,inf,0.0,0.0,,1.0,0.0,0.0,0.0,14.981228856642936,,0.0,inf,0.0,0.0,1.0,0.0,,,,,,
122,eGon2035,27,41538,dsm,29.963045469503996,False,inf,0.0,0.0,,1.0,0.0,0.0,0.0,29.963045469503996,,0.0,inf,0.0,0.0,1.0,0.0,,,,,,
123,eGon2035,27,48695,power_to_H2,0.0,True,inf,461.22415334238485,0.0,,0.7,0.0,0.0,0.0,0.07421821972415821,,0.0,31.0,0.0,0.0,1.0,0.0,,,,,,
124,eGon2035,27,51953,central_heat_pump,10.218407663213135,False,inf,0.0,0.0,,1.0,0.0,0.0,0.0,10.218407663213135,,0.0,inf,0.0,0.0,1.0,0.0,,,,,,
125,eGon2035,27,51953,central_resistive_heater,13.034396069864691,False,inf,0.0,0.0,,1.0,0.0,0.0,0.0,13.034396069864691,,0.0,inf,0.0,0.0,1.0,0.0,,,,,,
126,eGon2035,27,52064,rural_heat_pump,308.3560074162237,False,inf,0.0,0.0,,1.0,0.0,0.0,0.0,308.3560074162237,,0.0,inf,0.0,0.0,1.0,0.0,,,,,,
127,eGon2035,27,70797,BEV_charger,615.6571774482727,False,inf,0.0,0.0,,0.9,0.0,0.0,0.0,615.6571774482727,,0.0,inf,0.0,0.0,1.0,0.0,,,,,,
128,eGon2035,27,77083,power_to_H2,0.0,True,13.0,461.22415334238485,0.0,,0.7,0.0,0.0,0.0,0.39622835051508587,,0.0,31.0,0.0,0.0,1.0,0.0,,,,,,
129,eGon2035,27,77105,central_heat_pump,8.070675194000028,False,inf,0.0,0.0,,1.0,0.0,0.0,0.0,8.070675194000028,,0.0,inf,0.0,0.0,1.0,0.0,,,,,,
130,eGon2035,27,77105,central_resistive_heater,4.53285202037133,False,inf,0.0,0.0,,1.0,0.0,0.0,0.0,4.53285202037133,,0.0,inf,0.0,0.0,1.0,0.0,,,,,,
131,eGon2035,28,42664,dsm,164.88361562563935,False,inf,0.0,0.0,,1.0,0.0,0.0,0.0,164.88361562563935,,0.0,inf,0.0,0.0,1.0,0.0,,,,,,
132,eGon2035,28,48701,power_to_H2,0.0,True,inf,461.22415334238485,0.0,,0.6999999999999998,0.0,0.0,0.0,692.792584259684,,0.0,31.0,0.0,0.0,1.0,0.0,,,,,,
133,eGon2035,28,51439,central_resistive_heater,0.10439635753235416,False,inf,0.0,0.0,,1.0,0.0,0.0,0.0,0.10439635753235416,,0.0,inf,0.0,0.0,1.0,0.0,,,,,,
134,eGon2035,28,52042,rural_heat_pump,1608.537311534941,False,inf,0.0,0.0,,1.0,0.0,0.0,0.0,1608.537311534941,,0.0,inf,0.0,0.0,1.0,0.0,,,,,,
135,eGon2035,28,70372,BEV_charger,2785.0655907690525,False,inf,0.0,0.0,,0.9,0.0,0.0,0.0,2785.0655907690525,,0.0,inf,0.0,0.0,1.0,0.0,,,,,,
136,eGon2035,28,77083,power_to_H2,0.0,True,inf,461.22415334238485,0.0,,0.7,0.0,0.0,0.0,0.08561950023336666,,0.0,31.0,0.0,0.0,1.0,0.0,,,,,,
137,eGon2035,28,77099,central_heat_pump,2.1232907506858245,False,inf,0.0,0.0,,1.0,0.0,0.0,0.0,2.1232907506858245,,0.0,inf,0.0,0.0,1.0,0.0,,,,,,
138,eGon2035,28,77099,central_resistive_heater,5.905267694980458,False,inf,0.0,0.0,,1.0,0.0,0.0,0.0,5.905267694980458,,0.0,inf,0.0,0.0,1.0,0.0,,,,,,
139,eGon2035,29,43542,dsm,536.1034692666707,False,inf,0.0,0.0,,1.0,0.0,0.0,0.0,536.1034692666707,,0.0,inf,0.0,0.0,1.0,0.0,,,,,,
140,eGon2035,29,49625,central_heat_pump,63.66397519544291,False,inf,0.0,0.0,,1.0,0.0,0.0,0.0,63.66397519544291,,0.0,inf,0.0,0.0,1.0,0.0,,,,,,
141,eGon2035,29,49625,central_resistive_heater,84.32933971420546,False,inf,0.0,0.0,,1.0,0.0,0.0,0.0,84.32933971420546,,0.0,inf,0.0,0.0,1.0,0.0,,,,,,
142,eGon2035,29,52052,rural_heat_pump,2691.508324862698,False,inf,0.0,0.0,,1.0,0.0,0.0,0.0,2691.508324862698,,0.0,inf,0.0,0.0,1.0,0.0,,,,,,
143,eGon2035,29,69920,BEV_charger,5462.65039986372,False,inf,0.0,0.0,,0.9,0.0,0.0,0.0,5462.65039986372,,0.0,inf,0.0,0.0,1.0,0.0,,,,,,
144,eGon2035,29,77083,power_to_H2,0.0,True,inf,461.22415334238485,0.0,,0.7,0.0,0.0,0.0,0.08214907375284208,,0.0,31.0,0.0,0.0,1.0,0.0,,,,,,
145,eGon2035,29,77084,central_heat_pump,31.852457618795498,False,inf,0.0,0.0,,1.0,0.0,0.0,0.0,31.852457618795498,,0.0,inf,0.0,0.0,1.0,0.0,,,,,,
146,eGon2035,29,77084,central_resistive_heater,16.566140636593694,False,inf,0.0,0.0,,1.0,0.0,0.0,0.0,16.566140636593694,,0.0,inf,0.0,0.0,1.0,0.0,,,,,,
147,eGon2035,3,4,DC,2000.0,True,8000.0,1107.5269492156938,807.1998278940348,,1.0,2000.0,-1.0,0.010065272946990302,7999.999471522015,,0.0,inf,0.0,0.0,1.0,0.0,,,,,,
148,eGon2035,31613,37184,dsm,4.964887671222267,False,inf,0.0,0.0,,1.0,0.0,0.0,0.0,4.964887671222267,,0.0,inf,0.0,0.0,1.0,0.0,,,,,,
149,eGon2035,31613,49934,central_resistive_heater,0.005024135462830118,False,inf,0.0,0.0,,1.0,0.0,0.0,0.0,0.005024135462830118,,0.0,inf,0.0,0.0,1.0,0.0,,,,,,
150,eGon2035,31613,55357,rural_heat_pump,28.21095936135431,False,inf,0.0,0.0,,1.0,0.0,0.0,0.0,28.21095936135431,,0.0,inf,0.0,0.0,1.0,0.0,,,,,,
151,eGon2035,31613,76818,BEV_charger,59.67490005493164,False,inf,0.0,0.0,,0.9,0.0,0.0,0.0,59.67490005493164,,0.0,inf,0.0,0.0,1.0,0.0,,,,,,
152,eGon2035,31638,37226,dsm,12.85164119960315,False,inf,0.0,0.0,,1.0,0.0,0.0,0.0,12.85164119960315,,0.0,inf,0.0,0.0,1.0,0.0,,,,,,
153,eGon2035,31638,49936,central_heat_pump,0.7276695618665431,False,inf,0.0,0.0,,1.0,0.0,0.0,0.0,0.7276695618665431,,0.0,inf,0.0,0.0,1.0,0.0,,,,,,
154,eGon2035,31638,49936,central_resistive_heater,0.11987389387396723,False,inf,0.0,0.0,,1.0,0.0,0.0,0.0,0.11987389387396723,,0.0,inf,0.0,0.0,1.0,0.0,,,,,,
155,eGon2035,31638,53649,rural_heat_pump,43.991382665770026,False,inf,0.0,0.0,,1.0,0.0,0.0,0.0,43.991382665770026,,0.0,inf,0.0,0.0,1.0,0.0,,,,,,
156,eGon2035,31638,76942,BEV_charger,84.12918090820312,False,inf,0.0,0.0,,0.9,0.0,0.0,0.0,84.12918090820312,,0.0,inf,0.0,0.0,1.0,0.0,,,,,,
157,eGon2035,31672,37280,dsm,1.7306629163536134,False,inf,0.0,0.0,,1.0,0.0,0.0,0.0,1.7306629163536134,,0.0,inf,0.0,0.0,1.0,0.0,,,,,,
158,eGon2035,31672,53184,rural_heat_pump,3.4206649496404427,False,inf,0.0,0.0,,1.0,0.0,0.0,0.0,3.4206649496404427,,0.0,inf,0.0,0.0,1.0,0.0,,,,,,
159,eGon2035,31672,77068,BEV_charger,5.915549278259277,False,inf,0.0,0.0,,0.9,0.0,0.0,0.0,5.915549278259277,,0.0,inf,0.0,0.0,1.0,0.0,,,,,,
160,eGon2035,4,5,DC,0.0,True,0.0,2227.490255722004,1065.0735400123956,,1.0,0.0,-1.0,0.009320031688580132,0.0,,0.0,inf,0.0,0.0,1.0,0.0,,,,,,
161,eGon2035,48639,12,OCGT,5998.4523758690475,False,inf,0.0,0.0,,0.42,0.0,0.0,10.714285714285715,5998.4523758690475,,0.0,inf,0.0,0.0,1.0,0.0,,,,,,
162,eGon2035,48639,48641,CH4,27125.0,False,inf,0.0,415.62221327154276,,1.0,0.0,-1.0,0.0,27125.0,,0.0,inf,0.0,0.0,1.0,0.0,,,,,,
163,eGon2035,48639,48642,CH4,16785.0,False,inf,0.0,281.7514401453481,,1.0,0.0,-1.0,0.0,16785.0,,0.0,inf,0.0,0.0,1.0,0.0,,,,,,
164,eGon2035,48639,77069,CH4,38766.66666666662,False,inf,0.0,148.01958530257164,,1.0,0.0,-1.0,0.0,38766.66666666662,,0.0,inf,0.0,0.0,1.0,0.0,,,,,,
165,eGon2035,48640,14,OCGT,20680.000029833333,False,inf,0.0,0.0,,0.42,0.0,0.0,10.714285714285715,20680.000029833333,,0.0,inf,0.0,0.0,1.0,0.0,,,,,,
166,eGon2035,48640,48644,CH4,42708.3333333333,False,inf,0.0,453.73185086841903,,1.0,0.0,-1.0,0.0,42708.3333333333,,0.0,inf,0.0,0.0,1.0,0.0,,,,,,
167,eGon2035,48640,48645,CH4,60629.1666666667,False,inf,0.0,852.7217996254446,,1.0,0.0,-1.0,0.0,60629.1666666667,,0.0,inf,0.0,0.0,1.0,0.0,,,,,,
168,eGon2035,48640,48646,CH4,2033.33333333333,False,inf,0.0,151.7476169130087,,1.0,0.0,-1.0,0.0,2033.33333333333,,0.0,inf,0.0,0.0,1.0,0.0,,,,,,
169,eGon2035,48640,48647,CH4,71159.6578333333,False,inf,0.0,188.68558083512778,,1.0,0.0,-1.0,0.0,71159.6578333333,,0.0,inf,0.0,0.0,1.0,0.0,,,,,,
170,eGon2035,48640,48648,CH4,20333.3333333333,False,inf,0.0,1162.1924417440246,,1.0,0.0,-1.0,0.0,20333.3333333333,,0.0,inf,0.0,0.0,1.0,0.0,,,,,,
171,eGon2035,48640,77069,CH4,30337.5,False,inf,0.0,99.12164782399903,,1.0,0.0,-1.0,0.0,30337.5,,0.0,inf,0.0,0.0,1.0,0.0,,,,,,
172,eGon2035,48641,48644,CH4,20115.3704583333,False,inf,0.0,384.404341111123,,1.0,0.0,-1.0,0.0,20115.3704583333,,0.0,inf,0.0,0.0,1.0,0.0,,,,,,
173,eGon2035,48641,77069,CH4,22904.70758333334,False,inf,0.0,104.17335296430151,,1.0,0.0,-1.0,0.0,22904.70758333334,,0.0,inf,0.0,0.0,1.0,0.0,,,,,,
174,eGon2035,48641,8,OCGT,585.7142947619047,False,inf,0.0,0.0,,0.42,0.0,0.0,10.714285714285715,585.7142947619047,,0.0,inf,0.0,0.0,1.0,0.0,,,,,,
175,eGon2035,48642,48649,CH4,16679.1666666667,False,inf,0.0,321.7396762680511,,1.0,0.0,-1.0,0.0,16679.1666666667,,0.0,inf,0.0,0.0,1.0,0.0,,,,,,
176,eGon2035,48642,77069,CH4,164148.5125,False,inf,0.0,175.97465866498237,,1.0,0.0,-1.0,0.0,164148.5125,,0.0,inf,0.0,0.0,1.0,0.0,,,,,,
177,eGon2035,48642,9,OCGT,3213.5714304047615,False,inf,0.0,0.0,,0.42,0.0,0.0,10.714285714285715,3213.5714304047615,,0.0,inf,0.0,0.0,1.0,0.0,,,,,,
178,eGon2035,48643,17,OCGT,1023.8095238095239,False,inf,0.0,0.0,,0.42,0.0,0.0,10.714285714285715,1023.8095238095239,,0.0,inf,0.0,0.0,1.0,0.0,,,,,,
179,eGon2035,48643,19,OCGT,1238.095238095238,False,inf,0.0,0.0,,0.42,0.0,0.0,10.714285714285715,1238.095238095238,,0.0,inf,0.0,0.0,1.0,0.0,,,,,,
180,eGon2035,48643,48649,CH4,16579.1666666667,False,inf,0.0,776.3146853020132,,1.0,0.0,-1.0,0.0,16579.1666666667,,0.0,inf,0.0,0.0,1.0,0.0,,,,,,
181,eGon2035,48643,48650,CH4,27125.0,False,inf,0.0,705.9106058086279,,1.0,0.0,-1.0,0.0,27125.0,,0.0,inf,0.0,0.0,1.0,0.0,,,,,,
182,eGon2035,48643,77069,CH4,5325.0,False,inf,0.0,181.69528358037758,,1.0,0.0,-1.0,0.0,5325.0,,0.0,inf,0.0,0.0,1.0,0.0,,,,,,
183,eGon2035,48644,3,OCGT,16826.190475357147,False,inf,0.0,0.0,,0.42,0.0,0.0,10.714285714285715,16826.190475357147,,0.0,inf,0.0,0.0,1.0,0.0,,,,,,
184,eGon2035,48644,48648,CH4,24583.3333333333,False,inf,0.0,1614.2552457929926,,1.0,0.0,-1.0,0.0,24583.3333333333,,0.0,inf,0.0,0.0,1.0,0.0,,,,,,
185,eGon2035,48644,77069,CH4,51666.6666666667,False,inf,0.0,390.76494139099196,,1.0,0.0,-1.0,0.0,51666.6666666667,,0.0,inf,0.0,0.0,1.0,0.0,,,,,,
186,eGon2035,48645,16,OCGT,3602.3809526190475,False,inf,0.0,0.0,,0.42,0.0,0.0,10.714285714285715,3602.3809526190475,,0.0,inf,0.0,0.0,1.0,0.0,,,,,,
187,eGon2035,48645,4,OCGT,88505.00009047618,False,inf,0.0,0.0,,0.42,0.0,0.0,10.714285714285715,88505.00009047618,,0.0,inf,0.0,0.0,1.0,0.0,,,,,,
188,eGon2035,48645,48647,CH4,20583.3333333333,False,inf,0.0,810.1198420750754,,1.0,0.0,-1.0,0.0,20583.3333333333,,0.0,inf,0.0,0.0,1.0,0.0,,,,,,
189,eGon2035,48645,48648,CH4,62462.5,False,inf,0.0,1113.888061977508,,1.0,0.0,-1.0,0.0,62462.5,,0.0,inf,0.0,0.0,1.0,0.0,,,,,,
190,eGon2035,48646,77069,CH4,1600.0,False,inf,0.0,28.219090250836476,,1.0,0.0,-1.0,0.0,1600.0,,0.0,inf,0.0,0.0,1.0,0.0,,,,,,
191,eGon2035,48647,1,OCGT,22131.666662738095,False,inf,0.0,0.0,,0.42,0.0,0.0,10.714285714285715,22131.666662738095,,0.0,inf,0.0,0.0,1.0,0.0,,,,,,
192,eGon2035,48647,48648,CH4,40152.4166666667,False,inf,0.0,974.5374824832013,,1.0,0.0,-1.0,0.0,40152.4166666667,,0.0,inf,0.0,0.0,1.0,0.0,,,,,,
193,eGon2035,48647,77069,CH4,50716.45862500005,False,inf,0.0,123.1174291625545,,1.0,0.0,-1.0,0.0,50716.45862500005,,0.0,inf,0.0,0.0,1.0,0.0,,,,,,
194,eGon2035,48648,77069,CH4,51958.333333333205,False,inf,0.0,832.856619217913,,1.0,0.0,-1.0,0.0,51958.333333333205,,0.0,inf,0.0,0.0,1.0,0.0,,,,,,
195,eGon2035,48649,48652,CH4,11479.1666666667,False,inf,0.0,1510.5442323632253,,1.0,0.0,-1.0,0.0,11479.1666666667,,0.0,inf,0.0,0.0,1.0,0.0,,,,,,
196,eGon2035,48649,6,OCGT,17859.523810238094,False,inf,0.0,0.0,,0.42,0.0,0.0,10.714285714285715,17859.523810238094,,0.0,inf,0.0,0.0,1.0,0.0,,,,,,
197,eGon2035,48649,77069,CH4,2033.3333333333342,False,inf,0.0,344.49335888459433,,1.0,0.0,-1.0,0.0,2033.3333333333342,,0.0,inf,0.0,0.0,1.0,0.0,,,,,,
198,eGon2035,48650,2,OCGT,899.4976225476191,False,inf,0.0,0.0,,0.42,0.0,0.0,10.714285714285715,899.4976225476191,,0.0,inf,0.0,0.0,1.0,0.0,,,,,,
199,eGon2035,48652,77069,CH4,193718.083333333,False,inf,0.0,1765.169822273438,,1.0,0.0,-1.0,0.0,193718.083333333,,0.0,inf,0.0,0.0,1.0,0.0,,,,,,
200,eGon2035,48653,18,H2_to_power,0.0,True,inf,2545.740617471647,0.0,,0.5,0.0,0.0,0.0,0.08025667011552215,,0.0,10.0,0.0,0.0,1.0,0.0,,,,,,
201,eGon2035,48693,10,H2_to_power,0.0,True,inf,2545.740617471647,0.0,,0.5,0.0,0.0,0.0,0.05698745462868044,,0.0,10.0,0.0,0.0,1.0,0.0,,,,,,
202,eGon2035,48695,27,H2_to_power,0.0,True,inf,2545.740617471647,0.0,,0.5,0.0,0.0,0.0,0.03892259059657924,,0.0,10.0,0.0,0.0,1.0,0.0,,,,,,
203,eGon2035,48697,20,H2_to_power,0.0,True,inf,2545.740617471647,0.0,,0.5,0.0,0.0,0.0,330.2592760655278,,0.0,10.0,0.0,0.0,1.0,0.0,,,,,,
204,eGon2035,48700,23,H2_to_power,0.0,True,inf,2545.740617471647,0.0,,0.5,0.0,0.0,0.0,3085.1578681063374,,0.0,10.0,0.0,0.0,1.0,0.0,,,,,,
205,eGon2035,48701,28,H2_to_power,0.0,True,inf,2545.740617471647,0.0,,0.5,0.0,0.0,0.0,1185.3466727013981,,0.0,10.0,0.0,0.0,1.0,0.0,,,,,,
206,eGon2035,48706,11,H2_to_power,0.0,True,inf,2545.740617471647,0.0,,0.5,0.0,0.0,0.0,4130.368748103067,,0.0,10.0,0.0,0.0,1.0,0.0,,,,,,
207,eGon2035,48717,15,H2_to_power,0.0,True,inf,2545.740617471647,0.0,,0.5,0.0,0.0,0.0,0.13376700818851078,,0.0,10.0,0.0,0.0,1.0,0.0,,,,,,
208,eGon2035,48718,24,H2_to_power,0.0,True,inf,2545.740617471647,0.0,,0.5,0.0,0.0,0.0,0.45532811518662575,,0.0,10.0,0.0,0.0,1.0,0.0,,,,,,
209,eGon2035,48763,7,H2_to_power,0.0,True,inf,2545.7406174716475,0.0,,0.5,0.0,0.0,0.0,0.06697182321496083,,0.0,10.0,0.0,0.0,1.0,0.0,,,,,,
210,eGon2035,48785,25,H2_to_power,0.0,True,inf,2545.740617471647,0.0,,0.5,0.0,0.0,0.0,0.03169754643430442,,0.0,10.0,0.0,0.0,1.0,0.0,,,,,,
211,eGon2035,48810,21,H2_to_power,0.0,True,inf,2545.740617471647,0.0,,0.5,0.0,0.0,0.0,3.2211227358793395,,0.0,10.0,0.0,0.0,1.0,0.0,,,,,,
212,eGon2035,49625,63652,central_heat_store_charger,0.0,True,inf,0.0,0.0,,0.84,0.0,0.0,0.0,243.0293073400211,,0.0,inf,0.0,0.0,1.0,0.0,,,,,,
213,eGon2035,49934,63961,central_heat_store_charger,0.0,True,inf,0.0,0.0,,0.84,0.0,0.0,0.0,0.8725399856289765,,0.0,inf,0.0,0.0,1.0,0.0,,,,,,
214,eGon2035,49936,63963,central_heat_store_charger,0.0,True,inf,0.0,0.0,,0.84,0.0,0.0,0.0,0.09084102670698405,,0.0,inf,0.0,0.0,1.0,0.0,,,,,,
215,eGon2035,50209,64236,central_heat_store_charger,0.0,True,inf,0.0,0.0,,0.84,0.0,0.0,0.0,254.75048692919992,,0.0,inf,0.0,0.0,1.0,0.0,,,,,,
216,eGon2035,50808,64835,central_heat_store_charger,0.0,True,inf,0.0,0.0,,0.84,0.0,0.0,0.0,192.89370715891715,,0.0,inf,0.0,0.0,1.0,0.0,,,,,,
217,eGon2035,51439,65466,central_heat_store_charger,0.0,True,inf,0.0,0.0,,0.84,0.0,0.0,0.0,238.6957806043546,,0.0,inf,0.0,0.0,1.0,0.0,,,,,,
218,eGon2035,51953,65980,central_heat_store_charger,0.0,True,inf,0.0,0.0,,0.84,0.0,0.0,0.0,218.10092458130558,,0.0,inf,0.0,0.0,1.0,0.0,,,,,,
219,eGon2035,52040,66067,rural_heat_store_charger,0.0,True,inf,0.0,0.0,,0.84,0.0,0.0,0.0,1942.8114009592746,,0.0,inf,0.0,0.0,1.0,0.0,,,,,,
220,eGon2035,52041,66068,rural_heat_store_charger,0.0,True,inf,0.0,0.0,,0.84,0.0,0.0,0.0,10984.449385482829,,0.0,inf,0.0,0.0,1.0,0.0,,,,,,
221,eGon2035,52042,66069,rural_heat_store_charger,0.0,True,inf,0.0,0.0,,0.8399999999999999,0.0,0.0,0.0,2699.5152304955564,,0.0,inf,0.0,0.0,1.0,0.0,,,,,,
222,eGon2035,52043,66070,rural_heat_store_charger,0.0,True,inf,0.0,0.0,,0.84,0.0,0.0,0.0,11712.789030153865,,0.0,inf,0.0,0.0,1.0,0.0,,,,,,
223,eGon2035,52044,66071,rural_heat_store_charger,0.0,True,inf,0.0,0.0,,0.84,0.0,0.0,0.0,3516.5903256646416,,0.0,inf,0.0,0.0,1.0,0.0,,,,,,
224,eGon2035,52046,66073,rural_heat_store_charger,0.0,True,inf,0.0,0.0,,0.84,0.0,0.0,0.0,12340.454034052127,,0.0,inf,0.0,0.0,1.0,0.0,,,,,,
225,eGon2035,52047,66074,rural_heat_store_charger,0.0,True,inf,0.0,0.0,,0.84,0.0,0.0,0.0,1633.0775747542245,,0.0,inf,0.0,0.0,1.0,0.0,,,,,,
226,eGon2035,52052,66079,rural_heat_store_charger,0.0,True,inf,0.0,0.0,,0.84,0.0,0.0,0.0,4830.346796550364,,0.0,inf,0.0,0.0,1.0,0.0,,,,,,
227,eGon2035,52053,66080,rural_heat_store_charger,0.0,True,inf,0.0,0.0,,0.8400000000000001,0.0,0.0,0.0,2308.2654665863884,,0.0,inf,0.0,0.0,1.0,0.0,,,,,,
228,eGon2035,52055,66082,rural_heat_store_charger,0.0,True,inf,0.0,0.0,,0.84,0.0,0.0,0.0,1188.1303902865293,,0.0,inf,0.0,0.0,1.0,0.0,,,,,,
229,eGon2035,52058,66085,rural_heat_store_charger,0.0,True,inf,0.0,0.0,,0.84,0.0,0.0,0.0,7006.114795159727,,0.0,inf,0.0,0.0,1.0,0.0,,,,,,
230,eGon2035,52059,66086,rural_heat_store_charger,0.0,True,inf,0.0,0.0,,0.84,0.0,0.0,0.0,4240.24641409933,,0.0,inf,0.0,0.0,1.0,0.0,,,,,,
231,eGon2035,52064,66091,rural_heat_store_charger,0.0,True,inf,0.0,0.0,,0.84,0.0,0.0,0.0,2134.472650391033,,0.0,inf,0.0,0.0,1.0,0.0,,,,,,
232,eGon2035,52067,66094,rural_heat_store_charger,0.0,True,inf,0.0,0.0,,0.84,0.0,0.0,0.0,3971.1760416626726,,0.0,inf,0.0,0.0,1.0,0.0,,,,,,
233,eGon2035,52069,66096,rural_heat_store_charger,0.0,True,inf,0.0,0.0,,0.84,0.0,0.0,0.0,9775.334540900643,,0.0,inf,0.0,0.0,1.0,0.0,,,,,,
234,eGon2035,52074,66101,rural_heat_store_charger,0.0,True,inf,0.0,0.0,,0.84,0.0,0.0,0.0,3490.6344309081337,,0.0,inf,0.0,0.0,1.0,0.0,,,,,,
235,eGon2035,52084,66111,rural_heat_store_charger,0.0,True,inf,0.0,0.0,,0.84,0.0,0.0,0.0,1007.8487861622491,,0.0,inf,0.0,0.0,1.0,0.0,,,,,,
236,eGon2035,52086,66113,rural_heat_store_charger,0.0,True,inf,0.0,0.0,,0.84,0.0,0.0,0.0,2198.908812405783,,0.0,inf,0.0,0.0,1.0,0.0,,,,,,
237,eGon2035,52095,66122,rural_heat_store_charger,0.0,True,inf,0.0,0.0,,0.84,0.0,0.0,0.0,971.5363048733979,,0.0,inf,0.0,0.0,1.0,0.0,,,,,,
238,eGon2035,53184,67211,rural_heat_store_charger,0.0,True,inf,0.0,0.0,,0.84,0.0,0.0,0.0,6.588033321180707,,0.0,inf,0.0,0.0,1.0,0.0,,,,,,
239,eGon2035,53649,67676,rural_heat_store_charger,0.0,True,inf,0.0,0.0,,0.84,0.0,0.0,0.0,74.92152197860688,,0.0,inf,0.0,0.0,1.0,0.0,,,,,,
240,eGon2035,55357,69384,rural_heat_store_charger,0.0,True,inf,0.0,0.0,,0.84,0.0,0.0,0.0,46.04449314265748,,0.0,inf,0.0,0.0,1.0,0.0,,,,,,
241,eGon2035,63652,49625,central_heat_store_discharger,0.0,True,inf,0.0,0.0,,0.84,0.0,0.0,0.0,36.909593438354975,,0.0,inf,0.0,0.0,1.0,0.0,,,,,,
242,eGon2035,63961,49934,central_heat_store_discharger,0.0,True,inf,0.0,0.0,,0.84,0.0,0.0,0.0,0.2332127699157962,,0.0,inf,0.0,0.0,1.0,0.0,,,,,,
243,eGon2035,63963,49936,central_heat_store_discharger,0.0,True,inf,0.0,0.0,,0.84,0.0,0.0,0.0,0.11961870692573046,,0.0,inf,0.0,0.0,1.0,0.0,,,,,,
244,eGon2035,64236,50209,central_heat_store_discharger,0.0,True,inf,0.0,0.0,,0.84,0.0,0.0,0.0,41.851357296158966,,0.0,inf,0.0,0.0,1.0,0.0,,,,,,
245,eGon2035,64835,50808,central_heat_store_discharger,0.0,True,inf,0.0,0.0,,0.84,0.0,0.0,0.0,20.124444442860757,,0.0,inf,0.0,0.0,1.0,0.0,,,,,,
246,eGon2035,65466,51439,central_heat_store_discharger,0.0,True,inf,0.0,0.0,,0.84,0.0,0.0,0.0,32.76420608710536,,0.0,inf,0.0,0.0,1.0,0.0,,,,,,
247,eGon2035,65980,51953,central_heat_store_discharger,0.0,True,inf,0.0,0.0,,0.84,0.0,0.0,0.0,37.95557603212824,,0.0,inf,0.0,0.0,1.0,0.0,,,,,,
248,eGon2035,66067,52040,rural_heat_store_discharger,0.0,True,inf,0.0,0.0,,0.84,0.0,0.0,0.0,285.30721983084726,,0.0,inf,0.0,0.0,1.0,0.0,,,,,,
249,eGon2035,66068,52041,rural_heat_store_discharger,0.0,True,inf,0.0,0.0,,0.84,0.0,0.0,0.0,1802.983148709929,,0.0,inf,0.0,0.0,1.0,0.0,,,,,,
250,eGon2035,66069,52042,rural_heat_store_discharger,0.0,True,inf,0.0,0.0,,0.8399999999999999,0.0,0.0,0.0,445.1733507907227,,0.0,inf,0.0,0.0,1.0,0.0,,,,,,
251,eGon2035,66070,52043,rural_heat_store_discharger,0.0,True,inf,0.0,0.0,,0.84,0.0,0.0,0.0,9696.627551690219,,0.0,inf,0.0,0.0,1.0,0.0,,,,,,
252,eGon2035,66071,52044,rural_heat_store_discharger,0.0,True,inf,0.0,0.0,,0.84,0.0,0.0,0.0,625.6400219113324,,0.0,inf,0.0,0.0,1.0,0.0,,,,,,
253,eGon2035,66073,52046,rural_heat_store_discharger,0.0,True,inf,0.0,0.0,,0.84,0.0,0.0,0.0,10512.511353831289,,0.0,inf,0.0,0.0,1.0,0.0,,,,,,
254,eGon2035,66074,52047,rural_heat_store_discharger,0.0,True,inf,0.0,0.0,,0.84,0.0,0.0,0.0,271.2835055808568,,0.0,inf,0.0,0.0,1.0,0.0,,,,,,
255,eGon2035,66079,52052,rural_heat_store_discharger,0.0,True,inf,0.0,0.0,,0.84,0.0,0.0,0.0,914.061678928388,,0.0,inf,0.0,0.0,1.0,0.0,,,,,,
256,eGon2035,66080,52053,rural_heat_store_discharger,0.0,True,inf,0.0,0.0,,0.8400000000000001,0.0,0.0,0.0,1857.6328222099562,,0.0,inf,0.0,0.0,1.0,0.0,,,,,,
257,eGon2035,66082,52055,rural_heat_store_discharger,0.0,True,inf,0.0,0.0,,0.84,0.0,0.0,0.0,202.15486765124754,,0.0,inf,0.0,0.0,1.0,0.0,,,,,,
258,eGon2035,66085,52058,rural_heat_store_discharger,0.0,True,inf,0.0,0.0,,0.84,0.0,0.0,0.0,3795.985704308206,,0.0,inf,0.0,0.0,1.0,0.0,,,,,,
259,eGon2035,66086,52059,rural_heat_store_discharger,0.0,True,inf,0.0,0.0,,0.84,0.0,0.0,0.0,716.5378014739196,,0.0,inf,0.0,0.0,1.0,0.0,,,,,,
260,eGon2035,66091,52064,rural_heat_store_discharger,0.0,True,inf,0.0,0.0,,0.84,0.0,0.0,0.0,1779.2612375065592,,0.0,inf,0.0,0.0,1.0,0.0,,,,,,
261,eGon2035,66094,52067,rural_heat_store_discharger,0.0,True,inf,0.0,0.0,,0.84,0.0,0.0,0.0,670.2393993777943,,0.0,inf,0.0,0.0,1.0,0.0,,,,,,
262,eGon2035,66096,52069,rural_heat_store_discharger,0.0,True,inf,0.0,0.0,,0.84,0.0,0.0,0.0,1623.5972522500376,,0.0,inf,0.0,0.0,1.0,0.0,,,,,,
263,eGon2035,66101,52074,rural_heat_store_discharger,0.0,True,inf,0.0,0.0,,0.84,0.0,0.0,0.0,637.7825757335353,,0.0,inf,0.0,0.0,1.0,0.0,,,,,,
264,eGon2035,66111,52084,rural_heat_store_discharger,0.0,True,inf,0.0,0.0,,0.84,0.0,0.0,0.0,167.84051546079928,,0.0,inf,0.0,0.0,1.0,0.0,,,,,,
265,eGon2035,66113,52086,rural_heat_store_discharger,0.0,True,inf,0.0,0.0,,0.84,0.0,0.0,0.0,387.22229808179725,,0.0,inf,0.0,0.0,1.0,0.0,,,,,,
266,eGon2035,66122,52095,rural_heat_store_discharger,0.0,True,inf,0.0,0.0,,0.84,0.0,0.0,0.0,176.3695308758085,,0.0,inf,0.0,0.0,1.0,0.0,,,,,,
267,eGon2035,67211,53184,rural_heat_store_discharger,0.0,True,inf,0.0,0.0,,0.84,0.0,0.0,0.0,3.260125896715121,,0.0,inf,0.0,0.0,1.0,0.0,,,,,,
268,eGon2035,67676,53649,rural_heat_store_discharger,0.0,True,inf,0.0,0.0,,0.84,0.0,0.0,0.0,16.508484523105288,,0.0,inf,0.0,0.0,1.0,0.0,,,,,,
269,eGon2035,69384,55357,rural_heat_store_discharger,0.0,True,inf,0.0,0.0,,0.84,0.0,0.0,0.0,9.102399994984042,,0.0,inf,0.0,0.0,1.0,0.0,,,,,,
270,eGon2035,7,41530,dsm,307.0612563724977,False,inf,0.0,0.0,,1.0,0.0,0.0,0.0,307.0612563724977,,0.0,inf,0.0,0.0,1.0,0.0,,,,,,
271,eGon2035,7,48763,power_to_H2,0.0,True,inf,461.22415334238485,0.0,,0.7,0.0,0.0,0.0,0.09499189368735736,,0.0,31.0,0.0,0.0,1.0,0.0,,,,,,
272,eGon2035,7,52043,rural_heat_pump,1711.3264586140003,False,inf,0.0,0.0,,1.0,0.0,0.0,0.0,1711.3264586140003,,0.0,inf,0.0,0.0,1.0,0.0,,,,,,
273,eGon2035,7,69924,BEV_charger,3343.9473035931587,False,inf,0.0,0.0,,0.9,0.0,0.0,0.0,3343.9473035931587,,0.0,inf,0.0,0.0,1.0,0.0,,,,,,
274,eGon2035,7,77083,power_to_H2,0.0,True,inf,461.22415334238485,0.0,,0.7,0.0,0.0,0.0,0.45121112287441123,,0.0,31.0,0.0,0.0,1.0,0.0,,,,,,
275,eGon2035,7,77108,central_heat_pump,33.19277421176364,False,inf,0.0,0.0,,1.0,0.0,0.0,0.0,33.19277421176364,,0.0,inf,0.0,0.0,1.0,0.0,,,,,,
276,eGon2035,7,77108,central_resistive_heater,27.469213380233107,False,inf,0.0,0.0,,1.0,0.0,0.0,0.0,27.469213380233107,,0.0,inf,0.0,0.0,1.0,0.0,,,,,,
277,eGon2035,7,77109,central_heat_pump,53.9091273598039,False,inf,0.0,0.0,,1.0,0.0,0.0,0.0,53.9091273598039,,0.0,inf,0.0,0.0,1.0,0.0,,,,,,
278,eGon2035,7,77109,central_resistive_heater,72.61545398277302,False,inf,0.0,0.0,,1.0,0.0,0.0,0.0,72.61545398277302,,0.0,inf,0.0,0.0,1.0,0.0,,,,,,
279,eGon2035,77069,0,OCGT,3350.0,False,inf,0.0,0.0,,0.42,0.0,0.0,10.714285714285715,3350.0,,0.0,inf,0.0,0.0,1.0,0.0,,,,,,
280,eGon2035,77069,0,central_gas_CHP,2111.9352635702116,False,inf,0.0,0.0,,0.43,0.0,0.0,4.118702282565919,2111.9352635702116,,0.0,inf,0.0,0.0,1.0,0.0,,,,,,
281,eGon2035,77069,0,industrial_gas_CHP,436.8329101362853,False,inf,0.0,0.0,,0.43,0.0,0.0,4.15,436.8329101362853,,0.0,inf,0.0,0.0,1.0,0.0,,,,,,
282,eGon2035,77069,10,central_gas_CHP,1593.1739398957213,False,inf,0.0,0.0,,0.43,0.0,0.0,4.107986111111112,1593.1739398957213,,0.0,inf,0.0,0.0,1.0,0.0,,,,,,
283,eGon2035,77069,10,industrial_gas_CHP,270.8805522924545,False,inf,0.0,0.0,,0.43,0.0,0.0,4.15,270.8805522924545,,0.0,inf,0.0,0.0,1.0,0.0,,,,,,
284,eGon2035,77069,11,central_gas_CHP,100.32565379961258,False,inf,0.0,0.0,,0.43,0.0,0.0,4.142500000000001,100.32565379961258,,0.0,inf,0.0,0.0,1.0,0.0,,,,,,
285,eGon2035,77069,11,industrial_gas_CHP,2071.754253701455,False,inf,0.0,0.0,,0.43,0.0,0.0,4.15,2071.754253701455,,0.0,inf,0.0,0.0,1.0,0.0,,,,,,
286,eGon2035,77069,12,central_gas_CHP,3908.8013629020293,False,inf,0.0,0.0,,0.43,0.0,0.0,4.104341736694678,3908.8013629020293,,0.0,inf,0.0,0.0,1.0,0.0,,,,,,
287,eGon2035,77069,12,industrial_gas_CHP,54.75292295675379,False,inf,0.0,0.0,,0.43,0.0,0.0,4.15,54.75292295675379,,0.0,inf,0.0,0.0,1.0,0.0,,,,,,
288,eGon2035,77069,13,OCGT,939.5238095238096,False,inf,0.0,0.0,,0.42,0.0,0.0,10.714285714285715,939.5238095238096,,0.0,inf,0.0,0.0,1.0,0.0,,,,,,
289,eGon2035,77069,13,central_gas_CHP,9471.60047583,False,inf,0.0,0.0,,0.42999999999999994,0.0,0.0,4.122913675658351,9471.60047583,,0.0,inf,0.0,0.0,1.0,0.0,,,,,,
290,eGon2035,77069,13,industrial_gas_CHP,3879.130525274658,False,inf,0.0,0.0,,0.43,0.0,0.0,4.15,3879.130525274658,,0.0,inf,0.0,0.0,1.0,0.0,,,,,,
291,eGon2035,77069,15,OCGT,243.57142857142858,False,inf,0.0,0.0,,0.42,0.0,0.0,10.714285714285715,243.57142857142858,,0.0,inf,0.0,0.0,1.0,0.0,,,,,,
292,eGon2035,77069,15,central_gas_CHP,5908.456201308689,False,inf,0.0,0.0,,0.43,0.0,0.0,4.118511517532565,5908.456201308689,,0.0,inf,0.0,0.0,1.0,0.0,,,,,,
293,eGon2035,77069,15,industrial_gas_CHP,866.1701281447125,False,inf,0.0,0.0,,0.43,0.0,0.0,4.15,866.1701281447125,,0.0,inf,0.0,0.0,1.0,0.0,,,,,,
294,eGon2035,77069,18,OCGT,380.95238095238096,False,inf,0.0,0.0,,0.42,0.0,0.0,10.714285714285715,380.95238095238096,,0.0,inf,0.0,0.0,1.0,0.0,,,,,,
295,eGon2035,77069,18,central_gas_CHP,12487.498654348574,False,inf,0.0,0.0,,0.43,0.0,0.0,4.125760498896529,12487.498654348574,,0.0,inf,0.0,0.0,1.0,0.0,,,,,,
296,eGon2035,77069,18,industrial_gas_CHP,943.2430777866277,False,inf,0.0,0.0,,0.43,0.0,0.0,4.15,943.2430777866277,,0.0,inf,0.0,0.0,1.0,0.0,,,,,,
297,eGon2035,77069,20,OCGT,4873.809523809524,False,inf,0.0,0.0,,0.42,0.0,0.0,10.714285714285715,4873.809523809524,,0.0,inf,0.0,0.0,1.0,0.0,,,,,,
298,eGon2035,77069,20,central_gas_CHP,17947.305272333608,False,inf,0.0,0.0,,0.42999999999999994,0.0,0.0,4.121477234451373,17947.305272333608,,0.0,inf,0.0,0.0,1.0,0.0,,,,,,
299,eGon2035,77069,20,industrial_gas_CHP,4318.607237231191,False,inf,0.0,0.0,,0.43,0.0,0.0,4.15,4318.607237231191,,0.0,inf,0.0,0.0,1.0,0.0,,,,,,
300,eGon2035,77069,21,OCGT,1439.2857142857144,False,inf,0.0,0.0,,0.42,0.0,0.0,10.714285714285715,1439.2857142857144,,0.0,inf,0.0,0.0,1.0,0.0,,,,,,
301,eGon2035,77069,21,central_gas_CHP,1336.0702103688081,False,inf,0.0,0.0,,0.43,0.0,0.0,4.130007792207793,1336.0702103688081,,0.0,inf,0.0,0.0,1.0,0.0,,,,,,
302,eGon2035,77069,21,industrial_gas_CHP,583.3068976362306,False,inf,0.0,0.0,,0.43,0.0,0.0,4.15,583.3068976362306,,0.0,inf,0.0,0.0,1.0,0.0,,,,,,
303,eGon2035,77069,22,central_gas_CHP,4372.011949646672,False,inf,0.0,0.0,,0.43,0.0,0.0,4.125218745416391,4372.011949646672,,0.0,inf,0.0,0.0,1.0,0.0,,,,,,
304,eGon2035,77069,22,industrial_gas_CHP,1641.3237784323187,False,inf,0.0,0.0,,0.43,0.0,0.0,4.15,1641.3237784323187,,0.0,inf,0.0,0.0,1.0,0.0,,,,,,
305,eGon2035,77069,23,central_gas_CHP,1255.8375920801718,False,inf,0.0,0.0,,0.43,0.0,0.0,4.128556722689075,1255.8375920801718,,0.0,inf,0.0,0.0,1.0,0.0,,,,,,
306,eGon2035,77069,23,industrial_gas_CHP,321.8314878831683,False,inf,0.0,0.0,,0.43,0.0,0.0,4.15,321.8314878831683,,0.0,inf,0.0,0.0,1.0,0.0,,,,,,
307,eGon2035,77069,24,central_gas_CHP,2429.346953128515,False,inf,0.0,0.0,,0.43,0.0,0.0,4.114643006861386,2429.346953128515,,0.0,inf,0.0,0.0,1.0,0.0,,,,,,
308,eGon2035,77069,24,industrial_gas_CHP,644.0083926282265,False,inf,0.0,0.0,,0.43,0.0,0.0,4.15,644.0083926282265,,0.0,inf,0.0,0.0,1.0,0.0,,,,,,
309,eGon2035,77069,25,OCGT,55.714285714285715,False,inf,0.0,0.0,,0.42,0.0,0.0,10.714285714285715,55.714285714285715,,0.0,inf,0.0,0.0,1.0,0.0,,,,,,
310,eGon2035,77069,25,central_gas_CHP,3813.113746183045,False,inf,0.0,0.0,,0.43,0.0,0.0,4.123396825396826,3813.113746183045,,0.0,inf,0.0,0.0,1.0,0.0,,,,,,
311,eGon2035,77069,25,industrial_gas_CHP,869.5949301373465,False,inf,0.0,0.0,,0.43,0.0,0.0,4.15,869.5949301373465,,0.0,inf,0.0,0.0,1.0,0.0,,,,,,
312,eGon2035,77069,26,central_gas_CHP,1587.8773891071473,False,inf,0.0,0.0,,0.43,0.0,0.0,4.120568070818071,1587.8773891071473,,0.0,inf,0.0,0.0,1.0,0.0,,,,,,
313,eGon2035,77069,26,industrial_gas_CHP,674.6157578007845,False,inf,0.0,0.0,,0.43,0.0,0.0,4.15,674.6157578007845,,0.0,inf,0.0,0.0,1.0,0.0,,,,,,
314,eGon2035,77069,27,central_gas_CHP,621.9059682240247,False,inf,0.0,0.0,,0.43,0.0,0.0,4.113848484848485,621.9059682240247,,0.0,inf,0.0,0.0,1.0,0.0,,,,,,
315,eGon2035,77069,27,industrial_gas_CHP,27.60435004145643,False,inf,0.0,0.0,,0.43,0.0,0.0,4.15,27.60435004145643,,0.0,inf,0.0,0.0,1.0,0.0,,,,,,
316,eGon2035,77069,28,OCGT,1945.2380952380954,False,inf,0.0,0.0,,0.42,0.0,0.0,10.714285714285715,1945.2380952380954,,0.0,inf,0.0,0.0,1.0,0.0,,,,,,
317,eGon2035,77069,28,central_gas_CHP,1452.666276263022,False,inf,0.0,0.0,,0.43,0.0,0.0,4.127366946778712,1452.666276263022,,0.0,inf,0.0,0.0,1.0,0.0,,,,,,
318,eGon2035,77069,28,industrial_gas_CHP,853.5577419614914,False,inf,0.0,0.0,,0.43,0.0,0.0,4.15,853.5577419614914,,0.0,inf,0.0,0.0,1.0,0.0,,,,,,
319,eGon2035,77069,29,OCGT,2233.3333333333335,False,inf,0.0,0.0,,0.42,0.0,0.0,10.714285714285715,2233.3333333333335,,0.0,inf,0.0,0.0,1.0,0.0,,,,,,
320,eGon2035,77069,29,central_gas_CHP,2074.8976526636316,False,inf,0.0,0.0,,0.43,0.0,0.0,4.112229155979156,2074.8976526636316,,0.0,inf,0.0,0.0,1.0,0.0,,,,,,
321,eGon2035,77069,29,industrial_gas_CHP,1410.3562579272987,False,inf,0.0,0.0,,0.43,0.0,0.0,4.15,1410.3562579272987,,0.0,inf,0.0,0.0,1.0,0.0,,,,,,
322,eGon2035,77069,31613,central_gas_CHP,0.24,False,inf,0.0,0.0,,0.43,0.0,0.0,4.15,0.24,,0.0,inf,0.0,0.0,1.0,0.0,,,,,,
323,eGon2035,77069,31613,industrial_gas_CHP,2.309878304587235,False,inf,0.0,0.0,,0.43,0.0,0.0,4.15,2.309878304587235,,0.0,inf,0.0,0.0,1.0,0.0,,,,,,
324,eGon2035,77069,31638,central_gas_CHP,20.257731341293834,False,inf,0.0,0.0,,0.43,0.0,0.0,4.075,20.257731341293834,,0.0,inf,0.0,0.0,1.0,0.0,,,,,,
325,eGon2035,77069,31638,industrial_gas_CHP,12.15714888080255,False,inf,0.0,0.0,,0.43,0.0,0.0,4.15,12.15714888080255,,0.0,inf,0.0,0.0,1.0,0.0,,,,,,
326,eGon2035,77069,31672,central_gas_CHP,25.5,False,inf,0.0,0.0,,0.43,0.0,0.0,4.15,25.5,,0.0,inf,0.0,0.0,1.0,0.0,,,,,,
327,eGon2035,77069,31672,industrial_gas_CHP,0.29539079799791446,False,inf,0.0,0.0,,0.43,0.0,0.0,4.15,0.29539079799791446,,0.0,inf,0.0,0.0,1.0,0.0,,,,,,
328,eGon2035,77069,49625,central_gas_CHP_heat,1059.2147,False,inf,0.0,0.0,,2.8666666666666667,0.0,0.0,0.0,1059.2147,,0.0,inf,0.0,0.0,1.0,0.0,,,,,,
329,eGon2035,77069,49625,central_gas_boiler,479116.8688444274,False,inf,0.0,0.0,,1.04,0.0,0.0,1.0,479116.8688444274,,0.0,inf,0.0,0.0,1.0,0.0,,,,,,
330,eGon2035,77069,49934,central_gas_CHP_heat,0.374,False,inf,0.0,0.0,,2.8666666666666667,0.0,0.0,0.0,0.374,,0.0,inf,0.0,0.0,1.0,0.0,,,,,,
331,eGon2035,77069,49934,central_gas_boiler,116.06115282541514,False,inf,0.0,0.0,,1.04,0.0,0.0,1.0,116.06115282541514,,0.0,inf,0.0,0.0,1.0,0.0,,,,,,
332,eGon2035,77069,49936,central_gas_CHP_heat,0.40700000000000003,False,inf,0.0,0.0,,2.8666666666666667,0.0,0.0,0.0,0.40700000000000003,,0.0,inf,0.0,0.0,1.0,0.0,,,,,,
333,eGon2035,77069,49936,central_gas_boiler,2769.1734069700055,False,inf,0.0,0.0,,1.04,0.0,0.0,1.0,2769.1734069700055,,0.0,inf,0.0,0.0,1.0,0.0,,,,,,
334,eGon2035,77069,50209,central_gas_CHP_heat,352.636,False,inf,0.0,0.0,,2.8666666666666667,0.0,0.0,0.0,352.636,,0.0,inf,0.0,0.0,1.0,0.0,,,,,,
335,eGon2035,77069,50209,central_gas_boiler,132395.10078243157,False,inf,0.0,0.0,,1.04,0.0,0.0,1.0,132395.10078243157,,0.0,inf,0.0,0.0,1.0,0.0,,,,,,
336,eGon2035,77069,50808,central_gas_CHP_heat,176.007,False,inf,0.0,0.0,,2.8666666666666667,0.0,0.0,0.0,176.007,,0.0,inf,0.0,0.0,1.0,0.0,,,,,,
337,eGon2035,77069,50808,central_gas_boiler,17366.70861468983,False,inf,0.0,0.0,,1.04,0.0,0.0,1.0,17366.70861468983,,0.0,inf,0.0,0.0,1.0,0.0,,,,,,
338,eGon2035,77069,51439,central_gas_CHP_heat,261.336,False,inf,0.0,0.0,,2.8666666666666667,0.0,0.0,0.0,261.336,,0.0,inf,0.0,0.0,1.0,0.0,,,,,,
339,eGon2035,77069,51439,central_gas_boiler,29506.86561872059,False,inf,0.0,0.0,,1.04,0.0,0.0,1.0,29506.86561872059,,0.0,inf,0.0,0.0,1.0,0.0,,,,,,
340,eGon2035,77069,51953,central_gas_CHP_heat,121.36500000000001,False,inf,0.0,0.0,,2.8666666666666667,0.0,0.0,0.0,121.36500000000001,,0.0,inf,0.0,0.0,1.0,0.0,,,,,,
341,eGon2035,77069,51953,central_gas_boiler,89741.45341970814,False,inf,0.0,0.0,,1.04,0.0,0.0,1.0,89741.45341970814,,0.0,inf,0.0,0.0,1.0,0.0,,,,,,
342,eGon2035,77069,7,central_gas_CHP,6299.8782827476825,False,inf,0.0,0.0,,0.43,0.0,0.0,4.118819415266107,6299.8782827476825,,0.0,inf,0.0,0.0,1.0,0.0,,,,,,
343,eGon2035,77069,7,industrial_gas_CHP,1694.1433734462805,False,inf,0.0,0.0,,0.43,0.0,0.0,4.15,1694.1433734462805,,0.0,inf,0.0,0.0,1.0,0.0,,,,,,
344,eGon2035,77069,77083,CH4_to_H2,0.0,True,inf,735.5573211608244,0.0,,0.74,0.0,0.0,0.0,0.02328883612806873,,0.0,25.0,0.0,0.0,1.0,0.0,,,,,,
345,eGon2035,77069,77084,central_gas_CHP_heat,441.54383,False,inf,0.0,0.0,,2.8666666666666667,0.0,0.0,0.0,441.54383,,0.0,inf,0.0,0.0,1.0,0.0,,,,,,
346,eGon2035,77069,77084,central_gas_boiler,200906.91035784193,False,inf,0.0,0.0,,1.04,0.0,0.0,1.0,200906.91035784193,,0.0,inf,0.0,0.0,1.0,0.0,,,,,,
347,eGon2035,77069,77085,central_gas_CHP_heat,217.5881,False,inf,0.0,0.0,,2.8666666666666667,0.0,0.0,0.0,217.5881,,0.0,inf,0.0,0.0,1.0,0.0,,,,,,
348,eGon2035,77069,77085,central_gas_boiler,76169.92827934827,False,inf,0.0,0.0,,1.04,0.0,0.0,1.0,76169.92827934827,,0.0,inf,0.0,0.0,1.0,0.0,,,,,,
349,eGon2035,77069,77086,central_gas_CHP_heat,206.316,False,inf,0.0,0.0,,2.8666666666666667,0.0,0.0,0.0,206.316,,0.0,inf,0.0,0.0,1.0,0.0,,,,,,
350,eGon2035,77069,77086,central_gas_boiler,63458.050321338626,False,inf,0.0,0.0,,1.04,0.0,0.0,1.0,63458.050321338626,,0.0,inf,0.0,0.0,1.0,0.0,,,,,,
351,eGon2035,77069,77087,central_gas_CHP_heat,2184.2184,False,inf,0.0,0.0,,2.8666666666666667,0.0,0.0,0.0,2184.2184,,0.0,inf,0.0,0.0,1.0,0.0,,,,,,
352,eGon2035,77069,77087,central_gas_boiler,385448.1933604015,False,inf,0.0,0.0,,1.04,0.0,0.0,1.0,385448.1933604015,,0.0,inf,0.0,0.0,1.0,0.0,,,,,,
353,eGon2035,77069,77089,central_gas_CHP_heat,1064.5034799999999,False,inf,0.0,0.0,,2.8666666666666667,0.0,0.0,0.0,1064.5034799999999,,0.0,inf,0.0,0.0,1.0,0.0,,,,,,
354,eGon2035,77069,77089,central_gas_boiler,121877.19906733712,False,inf,0.0,0.0,,1.04,0.0,0.0,1.0,121877.19906733712,,0.0,inf,0.0,0.0,1.0,0.0,,,,,,
355,eGon2035,77069,77090,central_gas_CHP_heat,2356.33522,False,inf,0.0,0.0,,2.8666666666666667,0.0,0.0,0.0,2356.33522,,0.0,inf,0.0,0.0,1.0,0.0,,,,,,
356,eGon2035,77069,77090,central_gas_boiler,868936.155489914,False,inf,0.0,0.0,,1.04,0.0,0.0,1.0,868936.155489914,,0.0,inf,0.0,0.0,1.0,0.0,,,,,,
357,eGon2035,77069,77093,central_gas_CHP_heat,1355.2117099999998,False,inf,0.0,0.0,,2.8666666666666667,0.0,0.0,0.0,1355.2117099999998,,0.0,inf,0.0,0.0,1.0,0.0,,,,,,
358,eGon2035,77069,77093,central_gas_boiler,260300.59575941702,False,inf,0.0,0.0,,1.04,0.0,0.0,1.0,260300.59575941702,,0.0,inf,0.0,0.0,1.0,0.0,,,,,,
359,eGon2035,77069,77094,central_gas_CHP_heat,812.8697500000001,False,inf,0.0,0.0,,2.8666666666666667,0.0,0.0,0.0,812.8697500000001,,0.0,inf,0.0,0.0,1.0,0.0,,,,,,
360,eGon2035,77069,77094,central_gas_boiler,150499.8766812416,False,inf,0.0,0.0,,1.04,0.0,0.0,1.0,150499.8766812416,,0.0,inf,0.0,0.0,1.0,0.0,,,,,,
361,eGon2035,77069,77096,central_gas_CHP_heat,924.20128,False,inf,0.0,0.0,,2.8666666666666667,0.0,0.0,0.0,924.20128,,0.0,inf,0.0,0.0,1.0,0.0,,,,,,
362,eGon2035,77069,77096,central_gas_boiler,713220.7936910068,False,inf,0.0,0.0,,1.04,0.0,0.0,1.0,713220.7936910068,,0.0,inf,0.0,0.0,1.0,0.0,,,,,,
363,eGon2035,77069,77097,central_gas_CHP_heat,138.2348,False,inf,0.0,0.0,,2.8666666666666667,0.0,0.0,0.0,138.2348,,0.0,inf,0.0,0.0,1.0,0.0,,,,,,
364,eGon2035,77069,77097,central_gas_boiler,71946.29294058519,False,inf,0.0,0.0,,1.04,0.0,0.0,1.0,71946.29294058519,,0.0,inf,0.0,0.0,1.0,0.0,,,,,,
365,eGon2035,77069,77098,central_gas_CHP_heat,4311.37602,False,inf,0.0,0.0,,2.8666666666666667,0.0,0.0,0.0,4311.37602,,0.0,inf,0.0,0.0,1.0,0.0,,,,,,
366,eGon2035,77069,77098,central_gas_boiler,1528240.9673315973,False,inf,0.0,0.0,,1.04,0.0,0.0,1.0,1528240.9673315973,,0.0,inf,0.0,0.0,1.0,0.0,,,,,,
367,eGon2035,77069,77099,central_gas_CHP_heat,726.1319,False,inf,0.0,0.0,,2.8666666666666667,0.0,0.0,0.0,726.1319,,0.0,inf,0.0,0.0,1.0,0.0,,,,,,
368,eGon2035,77069,77099,central_gas_boiler,136415.9429005604,False,inf,0.0,0.0,,1.04,0.0,0.0,1.0,136415.9429005604,,0.0,inf,0.0,0.0,1.0,0.0,,,,,,
369,eGon2035,77069,77101,central_gas_CHP_heat,231.6146,False,inf,0.0,0.0,,2.8666666666666667,0.0,0.0,0.0,231.6146,,0.0,inf,0.0,0.0,1.0,0.0,,,,,,
370,eGon2035,77069,77101,central_gas_boiler,140055.644170256,False,inf,0.0,0.0,,1.04,0.0,0.0,1.0,140055.644170256,,0.0,inf,0.0,0.0,1.0,0.0,,,,,,
371,eGon2035,77069,77102,central_gas_CHP_heat,4383.421850000001,False,inf,0.0,0.0,,2.8666666666666667,0.0,0.0,0.0,4383.421850000001,,0.0,inf,0.0,0.0,1.0,0.0,,,,,,
372,eGon2035,77069,77102,central_gas_boiler,1530123.8085987077,False,inf,0.0,0.0,,1.04,0.0,0.0,1.0,1530123.8085987077,,0.0,inf,0.0,0.0,1.0,0.0,,,,,,
373,eGon2035,77069,77103,central_gas_CHP_heat,1667.8285,False,inf,0.0,0.0,,2.8666666666666667,0.0,0.0,0.0,1667.8285,,0.0,inf,0.0,0.0,1.0,0.0,,,,,,
374,eGon2035,77069,77103,central_gas_boiler,364875.43234143674,False,inf,0.0,0.0,,1.04,0.0,0.0,1.0,364875.43234143674,,0.0,inf,0.0,0.0,1.0,0.0,,,,,,
375,eGon2035,77069,77105,central_gas_CHP_heat,136.0232,False,inf,0.0,0.0,,2.8666666666666667,0.0,0.0,0.0,136.0232,,0.0,inf,0.0,0.0,1.0,0.0,,,,,,
376,eGon2035,77069,77105,central_gas_boiler,70692.37622694697,False,inf,0.0,0.0,,1.04,0.0,0.0,1.0,70692.37622694697,,0.0,inf,0.0,0.0,1.0,0.0,,,,,,
377,eGon2035,77069,77106,central_gas_CHP_heat,15.405000000000001,False,inf,0.0,0.0,,2.8666666666666667,0.0,0.0,0.0,15.405000000000001,,0.0,inf,0.0,0.0,1.0,0.0,,,,,,
378,eGon2035,77069,77106,central_gas_boiler,12059.054634862168,False,inf,0.0,0.0,,1.04,0.0,0.0,1.0,12059.054634862168,,0.0,inf,0.0,0.0,1.0,0.0,,,,,,
379,eGon2035,77069,77107,central_gas_CHP_heat,157.33775,False,inf,0.0,0.0,,2.8666666666666667,0.0,0.0,0.0,157.33775,,0.0,inf,0.0,0.0,1.0,0.0,,,,,,
380,eGon2035,77069,77107,central_gas_boiler,108588.2747404653,False,inf,0.0,0.0,,1.04,0.0,0.0,1.0,108588.2747404653,,0.0,inf,0.0,0.0,1.0,0.0,,,,,,
381,eGon2035,77069,77108,central_gas_CHP_heat,6262.079000000001,False,inf,0.0,0.0,,2.8666666666666667,0.0,0.0,0.0,6262.079000000001,,0.0,inf,0.0,0.0,1.0,0.0,,,,,,
382,eGon2035,77069,77108,central_gas_boiler,323793.87788096553,False,inf,0.0,0.0,,1.04,0.0,0.0,1.0,323793.87788096553,,0.0,inf,0.0,0.0,1.0,0.0,,,,,,
383,eGon2035,77069,77109,central_gas_CHP_heat,704.5574499999999,False,inf,0.0,0.0,,2.8666666666666667,0.0,0.0,0.0,704.5574499999999,,0.0,inf,0.0,0.0,1.0,0.0,,,,,,
384,eGon2035,77069,77109,central_gas_boiler,405532.1060693795,False,inf,0.0,0.0,,1.04,0.0,0.0,1.0,405532.1060693795,,0.0,inf,0.0,0.0,1.0,0.0,,,,,,
385,eGon2035,77069,8,central_gas_CHP,718.4459875935419,False,inf,0.0,0.0,,0.43,0.0,0.0,4.10631093544137,718.4459875935419,,0.0,inf,0.0,0.0,1.0,0.0,,,,,,
386,eGon2035,77069,8,industrial_gas_CHP,185.47661753748272,False,inf,0.0,0.0,,0.42999999999999994,0.0,0.0,4.15,185.47661753748272,,0.0,inf,0.0,0.0,1.0,0.0,,,,,,
387,eGon2035,77083,0,H2_to_power,0.0,True,inf,2545.740617471647,0.0,,0.5,0.0,0.0,0.0,0.013419349945383338,,0.0,10.0,0.0,0.0,1.0,0.0,,,,,,
388,eGon2035,77083,10,H2_to_power,0.0,True,22.0,2545.740617471647,0.0,,0.5,0.0,0.0,0.0,0.005747683280948912,,0.0,10.0,0.0,0.0,1.0,0.0,,,,,,
389,eGon2035,77083,11,H2_to_power,0.0,True,inf,2545.7406174716475,0.0,,0.5,0.0,0.0,0.0,0.015794228404226535,,0.0,10.0,0.0,0.0,1.0,0.0,,,,,,
390,eGon2035,77083,12,H2_to_power,0.0,True,7.0,2545.7406174716475,0.0,,0.5,0.0,0.0,0.0,0.00658433031437074,,0.0,10.0,0.0,0.0,1.0,0.0,,,,,,
391,eGon2035,77083,13,H2_to_power,0.0,True,inf,2545.740617471647,0.0,,0.5,0.0,0.0,0.0,0.01420836602752554,,0.0,10.0,0.0,0.0,1.0,0.0,,,,,,
392,eGon2035,77083,15,H2_to_power,0.0,True,inf,2545.740617471647,0.0,,0.5,0.0,0.0,0.0,0.011768602192141766,,0.0,10.0,0.0,0.0,1.0,0.0,,,,,,
393,eGon2035,77083,18,H2_to_power,0.0,True,inf,2545.740617471647,0.0,,0.5,0.0,0.0,0.0,0.011876238771936335,,0.0,10.0,0.0,0.0,1.0,0.0,,,,,,
394,eGon2035,77083,20,H2_to_power,0.0,True,inf,2545.740617471647,0.0,,0.5,0.0,0.0,0.0,0.01618924029213583,,0.0,10.0,0.0,0.0,1.0,0.0,,,,,,
395,eGon2035,77083,21,H2_to_power,0.0,True,28.0,2545.7406174716475,0.0,,0.5,0.0,0.0,0.0,0.007381281851534299,,0.0,10.0,0.0,0.0,1.0,0.0,,,,,,
396,eGon2035,77083,22,H2_to_power,0.0,True,inf,2545.740617471647,0.0,,0.5,0.0,0.0,0.0,0.013454618259030347,,0.0,10.0,0.0,0.0,1.0,0.0,,,,,,
397,eGon2035,77083,23,H2_to_power,0.0,True,6.0,2545.740617471647,0.0,,0.5,0.0,0.0,0.0,0.00632897577416573,,0.0,10.0,0.0,0.0,1.0,0.0,,,,,,
398,eGon2035,77083,24,H2_to_power,0.0,True,inf,2545.740617471647,0.0,,0.5,0.0,0.0,0.0,0.012727305179498273,,0.0,10.0,0.0,0.0,1.0,0.0,,,,,,
399,eGon2035,77083,25,H2_to_power,0.0,True,inf,2545.740617471647,0.0,,0.5,0.0,0.0,0.0,0.010879233657427583,,0.0,10.0,0.0,0.0,1.0,0.0,,,,,,
400,eGon2035,77083,26,H2_to_power,0.0,True,inf,2545.740617471647,0.0,,0.5,0.0,0.0,0.0,0.016079220954251145,,0.0,10.0,0.0,0.0,1.0,0.0,,,,,,
401,eGon2035,77083,27,H2_to_power,0.0,True,13.0,2545.740617471647,0.0,,0.5,0.0,0.0,0.0,0.006286516539730795,,0.0,10.0,0.0,0.0,1.0,0.0,,,,,,
402,eGon2035,77083,28,H2_to_power,0.0,True,inf,2545.740617471647,0.0,,0.5,0.0,0.0,0.0,0.018638873694781226,,0.0,10.0,0.0,0.0,1.0,0.0,,,,,,
403,eGon2035,77083,29,H2_to_power,0.0,True,inf,2545.740617471647,0.0,,0.5,0.0,0.0,0.0,0.013482758398680223,,0.0,10.0,0.0,0.0,1.0,0.0,,,,,,
404,eGon2035,77083,7,H2_to_power,0.0,True,inf,2545.7406174716475,0.0,,0.5,0.0,0.0,0.0,0.011016904047664346,,0.0,10.0,0.0,0.0,1.0,0.0,,,,,,
405,eGon2035,77083,77069,H2_to_CH4,0.0,True,inf,314.38556570303524,0.0,,0.8,0.0,0.0,25.0,0.05576780091313023,,0.0,30.0,0.0,0.0,1.0,0.0,,,,,,
406,eGon2035,77083,8,H2_to_power,0.0,True,inf,2545.7406174716475,0.0,,0.5,0.0,0.0,0.0,0.014701547982057124,,0.0,10.0,0.0,0.0,1.0,0.0,,,,,,
407,eGon2035,77084,77110,central_heat_store_charger,0.0,True,inf,0.0,0.0,,0.84,0.0,0.0,0.0,216.91755175592098,,0.0,inf,0.0,0.0,1.0,0.0,,,,,,
408,eGon2035,77085,77111,central_heat_store_charger,0.0,True,inf,0.0,0.0,,0.84,0.0,0.0,0.0,200.2058013120867,,0.0,inf,0.0,0.0,1.0,0.0,,,,,,
409,eGon2035,77086,77112,central_heat_store_charger,0.0,True,inf,0.0,0.0,,0.84,0.0,0.0,0.0,209.44829164332742,,0.0,inf,0.0,0.0,1.0,0.0,,,,,,
410,eGon2035,77087,77113,central_heat_store_charger,0.0,True,inf,0.0,0.0,,0.84,0.0,0.0,0.0,216.54464802697203,,0.0,inf,0.0,0.0,1.0,0.0,,,,,,
411,eGon2035,77089,77114,central_heat_store_charger,0.0,True,inf,0.0,0.0,,0.84,0.0,0.0,0.0,112.32563234867483,,0.0,inf,0.0,0.0,1.0,0.0,,,,,,
412,eGon2035,77090,77115,central_heat_store_charger,0.0,True,inf,0.0,0.0,,0.84,0.0,0.0,0.0,193.03409338211395,,0.0,inf,0.0,0.0,1.0,0.0,,,,,,
413,eGon2035,77093,77116,central_heat_store_charger,0.0,True,inf,0.0,0.0,,0.84,0.0,0.0,0.0,219.60327581700273,,0.0,inf,0.0,0.0,1.0,0.0,,,,,,
414,eGon2035,77094,77117,central_heat_store_charger,0.0,True,inf,0.0,0.0,,0.84,0.0,0.0,0.0,221.57022112931867,,0.0,inf,0.0,0.0,1.0,0.0,,,,,,
415,eGon2035,77096,77118,central_heat_store_charger,0.0,True,inf,0.0,0.0,,0.84,0.0,0.0,0.0,208.84247299482416,,0.0,inf,0.0,0.0,1.0,0.0,,,,,,
416,eGon2035,77097,77119,central_heat_store_charger,0.0,True,inf,0.0,0.0,,0.84,0.0,0.0,0.0,149.8054199367866,,0.0,inf,0.0,0.0,1.0,0.0,,,,,,
417,eGon2035,77098,77120,central_heat_store_charger,0.0,True,inf,0.0,0.0,,0.8399999999999999,0.0,0.0,0.0,210.1613082906485,,0.0,inf,0.0,0.0,1.0,0.0,,,,,,
418,eGon2035,77099,77121,central_heat_store_charger,0.0,True,inf,0.0,0.0,,0.84,0.0,0.0,0.0,219.30011968007898,,0.0,inf,0.0,0.0,1.0,0.0,,,,,,
419,eGon2035,77101,77122,central_heat_store_charger,0.0,True,inf,0.0,0.0,,0.8399999999999999,0.0,0.0,0.0,113.0446257401882,,0.0,inf,0.0,0.0,1.0,0.0,,,,,,
420,eGon2035,77102,77123,central_heat_store_charger,0.0,True,inf,0.0,0.0,,0.84,0.0,0.0,0.0,205.51822055878506,,0.0,inf,0.0,0.0,1.0,0.0,,,,,,
421,eGon2035,77103,77124,central_heat_store_charger,0.0,True,inf,0.0,0.0,,0.84,0.0,0.0,0.0,219.12470085096197,,0.0,inf,0.0,0.0,1.0,0.0,,,,,,
422,eGon2035,77105,77125,central_heat_store_charger,0.0,True,inf,0.0,0.0,,0.84,0.0,0.0,0.0,199.991886978996,,0.0,inf,0.0,0.0,1.0,0.0,,,,,,
423,eGon2035,77106,77126,central_heat_store_charger,0.0,True,inf,0.0,0.0,,0.84,0.0,0.0,0.0,30.91281167089566,,0.0,inf,0.0,0.0,1.0,0.0,,,,,,
424,eGon2035,77107,77127,central_heat_store_charger,0.0,True,inf,0.0,0.0,,0.84,0.0,0.0,0.0,217.73558184123442,,0.0,inf,0.0,0.0,1.0,0.0,,,,,,
425,eGon2035,77108,77128,central_heat_store_charger,0.0,True,inf,0.0,0.0,,0.84,0.0,0.0,0.0,231.838110673198,,0.0,inf,0.0,0.0,1.0,0.0,,,,,,
426,eGon2035,77109,77129,central_heat_store_charger,0.0,True,inf,0.0,0.0,,0.84,0.0,0.0,0.0,249.3542648520335,,0.0,inf,0.0,0.0,1.0,0.0,,,,,,
427,eGon2035,77110,77084,central_heat_store_discharger,0.0,True,inf,0.0,0.0,,0.84,0.0,0.0,0.0,28.316305894423934,,0.0,inf,0.0,0.0,1.0,0.0,,,,,,
428,eGon2035,77111,77085,central_heat_store_discharger,0.0,True,inf,0.0,0.0,,0.84,0.0,0.0,0.0,25.303077064429356,,0.0,inf,0.0,0.0,1.0,0.0,,,,,,
429,eGon2035,77112,77086,central_heat_store_discharger,0.0,True,inf,0.0,0.0,,0.84,0.0,0.0,0.0,27.52627836527175,,0.0,inf,0.0,0.0,1.0,0.0,,,,,,
430,eGon2035,77113,77087,central_heat_store_discharger,0.0,True,inf,0.0,0.0,,0.84,0.0,0.0,0.0,27.836537549844873,,0.0,inf,0.0,0.0,1.0,0.0,,,,,,
431,eGon2035,77114,77089,central_heat_store_discharger,0.0,True,inf,0.0,0.0,,0.84,0.0,0.0,0.0,94.28555000358509,,0.0,inf,0.0,0.0,1.0,0.0,,,,,,
432,eGon2035,77115,77090,central_heat_store_discharger,0.0,True,inf,0.0,0.0,,0.84,0.0,0.0,0.0,59.59798830475467,,0.0,inf,0.0,0.0,1.0,0.0,,,,,,
433,eGon2035,77116,77093,central_heat_store_discharger,0.0,True,inf,0.0,0.0,,0.84,0.0,0.0,0.0,28.38475768358016,,0.0,inf,0.0,0.0,1.0,0.0,,,,,,
434,eGon2035,77117,77094,central_heat_store_discharger,0.0,True,inf,0.0,0.0,,0.84,0.0,0.0,0.0,29.161966230545453,,0.0,inf,0.0,0.0,1.0,0.0,,,,,,
435,eGon2035,77118,77096,central_heat_store_discharger,0.0,True,inf,0.0,0.0,,0.84,0.0,0.0,0.0,24.955508054037512,,0.0,inf,0.0,0.0,1.0,0.0,,,,,,
436,eGon2035,77119,77097,central_heat_store_discharger,0.0,True,inf,0.0,0.0,,0.84,0.0,0.0,0.0,121.28846327385753,,0.0,inf,0.0,0.0,1.0,0.0,,,,,,
437,eGon2035,77120,77098,central_heat_store_discharger,0.0,True,inf,0.0,0.0,,0.8399999999999999,0.0,0.0,0.0,23.836377222663675,,0.0,inf,0.0,0.0,1.0,0.0,,,,,,
438,eGon2035,77121,77099,central_heat_store_discharger,0.0,True,inf,0.0,0.0,,0.84,0.0,0.0,0.0,30.193713725862082,,0.0,inf,0.0,0.0,1.0,0.0,,,,,,
439,eGon2035,77122,77101,central_heat_store_discharger,0.0,True,inf,0.0,0.0,,0.8399999999999999,0.0,0.0,0.0,94.89940553233157,,0.0,inf,0.0,0.0,1.0,0.0,,,,,,
440,eGon2035,77123,77102,central_heat_store_discharger,0.0,True,inf,0.0,0.0,,0.84,0.0,0.0,0.0,24.597641880794622,,0.0,inf,0.0,0.0,1.0,0.0,,,,,,
441,eGon2035,77124,77103,central_heat_store_discharger,0.0,True,inf,0.0,0.0,,0.84,0.0,0.0,0.0,30.023934024466097,,0.0,inf,0.0,0.0,1.0,0.0,,,,,,
442,eGon2035,77125,77105,central_heat_store_discharger,0.0,True,inf,0.0,0.0,,0.84,0.0,0.0,0.0,29.02961515372617,,0.0,inf,0.0,0.0,1.0,0.0,,,,,,
443,eGon2035,77126,77106,central_heat_store_discharger,0.0,True,inf,0.0,0.0,,0.84,0.0,0.0,0.0,7.023936384979243,,0.0,inf,0.0,0.0,1.0,0.0,,,,,,
444,eGon2035,77127,77107,central_heat_store_discharger,0.0,True,inf,0.0,0.0,,0.84,0.0,0.0,0.0,31.127150828754175,,0.0,inf,0.0,0.0,1.0,0.0,,,,,,
445,eGon2035,77128,77108,central_heat_store_discharger,0.0,True,inf,0.0,0.0,,0.84,0.0,0.0,0.0,94.96541924810724,,0.0,inf,0.0,0.0,1.0,0.0,,,,,,
446,eGon2035,77129,77109,central_heat_store_discharger,0.0,True,inf,0.0,0.0,,0.84,0.0,0.0,0.0,42.135344960335615,,0.0,inf,0.0,0.0,1.0,0.0,,,,,,
447,eGon2035,8,43742,dsm,71.17083937881289,False,inf,0.0,0.0,,1.0,0.0,0.0,0.0,71.17083937881289,,0.0,inf,0.0,0.0,1.0,0.0,,,,,,
448,eGon2035,8,52055,rural_heat_pump,635.0480795853571,False,inf,0.0,0.0,,1.0,0.0,0.0,0.0,635.0480795853571,,0.0,inf,0.0,0.0,1.0,0.0,,,,,,
449,eGon2035,8,70226,BEV_charger,1134.79208111763,False,inf,0.0,0.0,,0.9,0.0,0.0,0.0,1134.79208111763,,0.0,inf,0.0,0.0,1.0,0.0,,,,,,
450,eGon2035,8,77083,power_to_H2,0.0,True,inf,461.22415334238485,0.0,,0.7,0.0,0.0,0.0,0.10766181775181982,,0.0,31.0,0.0,0.0,1.0,0.0,,,,,,
451,eGon2035,8,77085,central_heat_pump,14.611409998605659,False,inf,0.0,0.0,,1.0,0.0,0.0,0.0,14.611409998605659,,0.0,inf,0.0,0.0,1.0,0.0,,,,,,
452,eGon2035,8,77085,central_resistive_heater,10.497984065563136,False,inf,0.0,0.0,,1.0,0.0,0.0,0.0,10.497984065563136,,0.0,inf,0.0,0.0,1.0,0.0,,,,,,
161 ramp_up,,48639,12,OCGT,5998.4523758690475,False,inf,0.0,0.0,,0.42,0.0,0.0,0.0,5998.4523758690475,,0.0,inf,0.0,0.0,1.0,0.0,0.0,0.0,0.0,0.0,1.0,1.0
165 ramp_up,,48640,14,OCGT,20680.000029833333,False,inf,0.0,0.0,,0.42,0.0,0.0,0.0,20680.000029833333,,0.0,inf,0.0,0.0,1.0,0.0,0.0,0.0,0.0,0.0,1.0,1.0
174 ramp_up,,48641,8,OCGT,585.7142947619047,False,inf,0.0,0.0,,0.42,0.0,0.0,0.0,585.7142947619047,,0.0,inf,0.0,0.0,1.0,0.0,0.0,0.0,0.0,0.0,1.0,1.0
177 ramp_up,,48642,9,OCGT,3213.5714304047615,False,inf,0.0,0.0,,0.42,0.0,0.0,0.0,3213.5714304047615,,0.0,inf,0.0,0.0,1.0,0.0,0.0,0.0,0.0,0.0,1.0,1.0
178 ramp_up,,48643,17,OCGT,1023.8095238095239,False,inf,0.0,0.0,,0.42,0.0,0.0,0.0,1023.8095238095239,,0.0,inf,0.0,0.0,1.0,0.0,0.0,0.0,0.0,0.0,1.0,1.0
179 ramp_up,,48643,19,OCGT,1238.095238095238,False,inf,0.0,0.0,,0.42,0.0,0.0,0.0,1238.095238095238,,0.0,inf,0.0,0.0,1.0,0.0,0.0,0.0,0.0,0.0,1.0,1.0
183 ramp_up,,48644,3,OCGT,16826.190475357147,False,inf,0.0,0.0,,0.42,0.0,0.0,0.0,16826.190475357147,,0.0,inf,0.0,0.0,1.0,0.0,0.0,0.0,0.0,0.0,1.0,1.0
186 ramp_up,,48645,16,OCGT,3602.3809526190475,False,inf,0.0,0.0,,0.42,0.0,0.0,0.0,3602.3809526190475,,0.0,inf,0.0,0.0,1.0,0.0,0.0,0.0,0.0,0.0,1.0,1.0
187 ramp_up,,48645,4,OCGT,88505.00009047618,False,inf,0.0,0.0,,0.42,0.0,0.0,0.0,88505.00009047618,,0.0,inf,0.0,0.0,1.0,0.0,0.0,0.0,0.0,0.0,1.0,1.0
191 ramp_up,,48647,1,OCGT,22131.666662738095,False,inf,0.0,0.0,,0.42,0.0,0.0,0.0,22131.666662738095,,0.0,inf,0.0,0.0,1.0,0.0,0.0,0.0,0.0,0.0,1.0,1.0
196 ramp_up,,48649,6,OCGT,17859.523810238094,False,inf,0.0,0.0,,0.42,0.0,0.0,0.0,17859.523810238094,,0.0,inf,0.0,0.0,1.0,0.0,0.0,0.0,0.0,0.0,1.0,1.0
198 ramp_up,,48650,2,OCGT,899.4976225476191,False,inf,0.0,0.0,,0.42,0.0,0.0,0.0,899.4976225476191,,0.0,inf,0.0,0.0,1.0,0.0,0.0,0.0,0.0,0.0,1.0,1.0
279 ramp_up,,77069,0,OCGT,3350.0,False,inf,0.0,0.0,,0.42,0.0,0.0,0.0,3350.0,,0.0,inf,0.0,0.0,1.0,0.0,0.0,0.0,0.0,0.0,1.0,1.0
288 ramp_up,,77069,13,OCGT,939.5238095238096,False,inf,0.0,0.0,,0.42,0.0,0.0,0.0,939.5238095238096,,0.0,inf,0.0,0.0,1.0,0.0,0.0,0.0,0.0,0.0,1.0,1.0
291 ramp_up,,77069,15,OCGT,243.57142857142858,False,inf,0.0,0.0,,0.42,0.0,0.0,0.0,243.57142857142858,,0.0,inf,0.0,0.0,1.0,0.0,0.0,0.0,0.0,0.0,1.0,1.0
294 ramp_up,,77069,18,OCGT,380.95238095238096,False,inf,0.0,0.0,,0.42,0.0,0.0,0.0,380.95238095238096,,0.0,inf,0.0,0.0,1.0,0.0,0.0,0.0,0.0,0.0,1.0,1.0
297 ramp_up,,77069,20,OCGT,4873.809523809524,False,inf,0.0,0.0,,0.42,0.0,0.0,0.0,4873.809523809524,,0.0,inf,0.0,0.0,1.0,0.0,0.0,0.0,0.0,0.0,1.0,1.0
300 ramp_up,,77069,21,OCGT,1439.2857142857144,False,inf,0.0,0.0,,0.42,0.0,0.0,0.0,1439.2857142857144,,0.0,inf,0.0,0.0,1.0,0.0,0.0,0.0,0.0,0.0,1.0,1.0
309 ramp_up,,77069,25,OCGT,55.714285714285715,False,inf,0.0,0.0,,0.42,0.0,0.0,0.0,55.714285714285715,,0.0,inf,0.0,0.0,1.0,0.0,0.0,0.0,0.0,0.0,1.0,1.0
316 ramp_up,,77069,28,OCGT,1945.2380952380954,False,inf,0.0,0.0,,0.42,0.0,0.0,0.0,1945.2380952380954,,0.0,inf,0.0,0.0,1.0,0.0,0.0,0.0,0.0,0.0,1.0,1.0
319 ramp_up,,77069,29,OCGT,2233.3333333333335,False,inf,0.0,0.0,,0.42,0.0,0.0,0.0,2233.3333333333335,,0.0,inf,0.0,0.0,1.0,0.0,0.0,0.0,0.0,0.0,1.0,1.0
161 ramp_down,,48639,12,OCGT,5998.4523758690475,False,inf,0.0,0.0,,0.42,0.0,0.0,0.0,5998.4523758690475,,0.0,inf,0.0,0.0,1.0,0.0,0.0,0.0,0.0,0.0,1.0,1.0
165 ramp_down,,48640,14,OCGT,20680.000029833333,False,inf,0.0,0.0,,0.42,0.0,0.0,0.0,20680.000029833333,,0.0,inf,0.0,0.0,1.0,0.0,0.0,0.0,0.0,0.0,1.0,1.0
174 ramp_down,,48641,8,OCGT,585.7142947619047,False,inf,0.0,0.0,,0.42,0.0,0.0,0.0,585.7142947619047,,0.0,inf,0.0,0.0,1.0,0.0,0.0,0.0,0.0,0.0,1.0,1.0
177 ramp_down,,48642,9,OCGT,3213.5714304047615,False,inf,0.0,0.0,,0.42,0.0,0.0,0.0,3213.5714304047615,,0.0,inf,0.0,0.0,1.0,0.0,0.0,0.0,0.0,0.0,1.0,1.0
178 ramp_down,,48643,17,OCGT,1023.8095238095239,False,inf,0.0,0.0,,0.42,0.0,0.0,0.0,1023.8095238095239,,0.0,inf,0.0,0.0,1.0,0.0,0.0,0.0,0.0,0.0,1.0,1.0
179 ramp_down,,48643,19,OCGT,1238.095238095238,False,inf,0.0,0.0,,0.42,0.0,0.0,0.0,1238.095238095238,,0.0,inf,0.0,0.0,1.0,0.0,0.0,0.0,0.0,0.0,1.0,1.0
183 ramp_down,,48644,3,OCGT,16826.190475357147,False,inf,0.0,0.0,,0.42,0.0,0.0,0.0,16826.190475357147,,0.0,inf,0.0,0.0,1.0,0.0,0.0,0.0,0.0,0.0,1.0,1.0
186 ramp_down,,48645,16,OCGT,3602.3809526190475,False,inf,0.0,0.0,,0.42,0.0,0.0,0.0,3602.3809526190475,,0.0,inf,0.0,0.0,1.0,0.0,0.0,0.0,0.0,0.0,1.0,1.0
187 ramp_down,,48645,4,OCGT,88505.00009047618,False,inf,0.0,0.0,,0.42,0.0,0.0,0.0,88505.00009047618,,0.0,inf,0.0,0.0,1.0,0.0,0.0,0.0,0.0,0.0,1.0,1.0
191 ramp_down,,48647,1,OCGT,22131.666662738095,False,inf,0.0,0.0,,0.42,0.0,0.0,0.0,22131.666662738095,,0.0,inf,0.0,0.0,1.0,0.0,0.0,0.0,0.0,0.0,1.0,1.0
196 ramp_down,,48649,6,OCGT,17859.523810238094,False,inf,0.0,0.0,,0.42,0.0,0.0,0.0,17859.523810238094,,0.0,inf,0.0,0.0,1.0,0.0,0.0,0.0,0.0,0.0,1.0,1.0
198 ramp_down,,48650,2,OCGT,899.4976225476191,False,inf,0.0,0.0,,0.42,0.0,0.0,0.0,899.4976225476191,,0.0,inf,0.0,0.0,1.0,0.0,0.0,0.0,0.0,0.0,1.0,1.0
279 ramp_down,,77069,0,OCGT,3350.0,False,inf,0.0,0.0,,0.42,0.0,0.0,0.0,3350.0,,0.0,inf,0.0,0.0,1.0,0.0,0.0,0.0,0.0,0.0,1.0,1.0
288 ramp_down,,77069,13,OCGT,939.5238095238096,False,inf,0.0,0.0,,0.42,0.0,0.0,0.0,939.5238095238096,,0.0,inf,0.0,0.0,1.0,0.0,0.0,0.0,0.0,0.0,1.0,1.0
291 ramp_down,,77069,15,OCGT,243.57142857142858,False,inf,0.0,0.0,,0.42,0.0,0.0,0.0,243.57142857142858,,0.0,inf,0.0,0.0,1.0,0.0,0.0,0.0,0.0,0.0,1.0,1.0
294 ramp_down,,77069,18,OCGT,380.95238095238096,False,inf,0.0,0.0,,0.42,0.0,0.0,0.0,380.95238095238096,,0.0,inf,0.0,0.0,1.0,0.0,0.0,0.0,0.0,0.0,1.0,1.0
297 ramp_down,,77069,20,OCGT,4873.809523809524,False,inf,0.0,0.0,,0.42,0.0,0.0,0.0,4873.809523809524,,0.0,inf,0.0,0.0,1.0,0.0,0.0,0.0,0.0,0.0,1.0,1.0
300 ramp_down,,77069,21,OCGT,1439.2857142857144,False,inf,0.0,0.0,,0.42,0.0,0.0,0.0,1439.2857142857144,,0.0,inf,0.0,0.0,1.0,0.0,0.0,0.0,0.0,0.0,1.0,1.0
309 ramp_down,,77069,25,OCGT,55.714285714285715,False,inf,0.0,0.0,,0.42,0.0,0.0,0.0,55.714285714285715,,0.0,inf,0.0,0.0,1.0,0.0,0.0,0.0,0.0,0.0,1.0,1.0
316 ramp_down,,77069,28,OCGT,1945.2380952380954,False,inf,0.0,0.0,,0.42,0.0,0.0,0.0,1945.2380952380954,,0.0,inf,0.0,0.0,1.0,0.0,0.0,0.0,0.0,0.0,1.0,1.0
319 ramp_down,,77069,29,OCGT,2233.3333333333335,False,inf,0.0,0.0,,0.42,0.0,0.0,0.0,2233.3333333333335,,0.0,inf,0.0,0.0,1.0,0.0,0.0,0.0,0.0,0.0,1.0,1.0
